row_id,rating_num
14785,10.0
15125,3.0
13095,5.0
6079,5.0
16584,6.5
18508,6.0
18731,6.0
13610,7.5
21768,6.5
14463,6.5
4031,8.0
22418,7.5
5288,7.5
11744,6.5
4123,6.5
25449,6.0
19207,8.0
4488,6.0
19810,6.0
21238,6.5
18326,7.5
17178,6.5
21709,6.0
4027,7.5
23561,5.0
9246,6.0
14185,7.5
23650,7.5
29151,6.0
2585,7.0
2286,6.0
3243,3.5
14552,6.0
26746,6.5
12891,6.5
21499,7.5
28160,5.0
14105,6.5
17309,10.0
10918,7.5
24719,6.0
21121,5.0
10532,3.5
26159,5.0
12023,6.0
12018,7.0
21079,6.0
9136,3.5
21235,6.5
23907,6.0
8350,3.5
28069,5.0
5750,9.0
27778,5.0
17016,5.0
9779,6.0
17427,10.0
24122,5.0
13958,5.0
1839,7.0
14444,6.0
16671,6.0
106,6.5
22230,6.0
25307,6.5
2292,6.5
27909,6.0
26929,5.0
26110,5.0
21830,5.0
25693,6.0
16496,7.5
16402,3.5
26636,5.0
18458,5.0
19122,6.0
21646,6.5
28172,5.0
27955,6.0
1367,6.5
12203,5.0
20498,5.0
19714,7.5
18249,6.0
29005,7.5
25340,6.0
6245,8.0
1975,6.0
25669,6.5
17560,6.0
14459,10.0
29048,6.0
26839,6.0
2041,3.5
13597,10.0
25721,6.5
4004,3.5
8160,6.5
8958,5.0
25944,5.0
10426,6.5
26295,6.0
28538,5.0
24875,3.5
11587,7.5
21775,6.0
2299,8.0
7789,6.0
19451,5.0
12791,6.0
18833,7.5
10807,5.0
16688,10.0
28470,6.5
28049,6.0
25209,6.0
4283,6.0
7091,6.0
26829,6.0
17428,6.0
27396,6.0
24624,5.0
28772,5.0
9389,7.5
29088,6.0
5090,7.5
16059,10.0
7680,6.0
19217,6.0
4277,5.0
6140,5.0
6797,3.5
25655,6.5
4257,10.0
11931,7.5
25268,6.0
9695,5.0
27086,6.0
17772,6.0
28045,6.0
20788,6.0
22520,6.5
5351,7.5
20320,3.5
2611,7.0
29198,6.0
14716,5.0
27235,6.0
20929,6.0
27307,5.0
13659,3.5
29197,6.5
28730,6.0
13701,8.5
26933,7.5
5976,10.0
27435,7.5
870,7.5
3183,6.5
10497,7.5
20692,6.0
24687,6.0
11217,7.5
25124,5.0
4475,6.0
22241,7.5
3782,7.5
25034,5.0
205,7.0
18590,5.0
1825,7.5
28862,6.5
3758,6.0
29004,3.5
17773,5.0
15161,7.5
14683,6.5
11875,6.0
24247,10.0
1203,6.0
21696,5.0
16741,7.5
24362,6.0
10656,5.0
23618,5.0
14301,6.0
26200,6.5
23175,5.0
3639,7.0
28233,6.0
27057,6.5
25026,6.5
12961,6.5
13767,10.0
26169,7.5
25838,6.0
26202,6.5
22159,7.5
4777,3.5
14632,6.0
11757,6.0
3116,3.5
6173,7.0
3723,0.0
19493,6.0
4207,7.0
14079,10.0
7613,7.0
27313,6.0
19002,6.5
6266,3.5
7240,6.0
25435,7.5
10288,6.0
11028,5.0
6946,10.0
16405,8.0
16181,6.0
4158,10.0
16780,6.5
25719,6.0
15053,6.0
2644,5.0
23500,5.0
1013,6.5
11715,6.0
13768,6.5
4157,7.5
2333,7.5
28604,5.0
25316,6.0
19298,7.5
25079,7.5
8330,7.0
24317,6.0
13242,8.0
25014,6.0
567,7.5
7520,3.5
8926,10.0
12534,3.5
21045,5.0
18722,10.0
25265,7.5
15854,6.0
28524,5.0
23717,10.0
21889,6.5
28064,6.5
28705,7.5
23416,6.0
18346,7.5
23851,7.5
28780,6.0
12118,6.0
10926,7.5
6070,7.5
2149,7.0
6098,7.5
19125,6.0
23985,5.0
26527,5.0
4770,6.0
19567,6.0
26479,6.0
24107,10.0
9029,6.0
11022,10.0
1472,3.5
7356,6.0
12014,6.0
24849,6.5
5104,6.0
4663,6.0
25629,8.0
16195,10.0
26486,6.5
2222,3.0
12833,7.5
28879,6.5
5254,7.5
4805,7.0
23411,6.5
2733,6.0
2961,10.0
8966,10.0
25068,7.5
7403,5.0
23555,7.5
5096,3.0
10018,7.5
26173,6.0
11214,6.0
27201,6.0
21951,6.0
1616,6.0
24284,5.0
3759,6.0
8434,6.0
7195,7.5
16238,6.5
14701,7.5
6611,6.0
6278,6.5
13108,6.0
10740,6.0
3663,7.5
28452,6.0
23436,10.0
9525,7.5
24535,10.0
12981,10.0
11251,6.0
18494,6.5
24445,6.0
18370,6.0
1717,7.0
8488,6.5
15118,6.0
100,5.0
11912,5.0
11767,6.5
11762,3.5
27379,6.0
10486,6.5
14239,7.5
1530,7.5
8908,3.5
20365,6.0
27727,6.0
4204,6.0
23190,6.0
11998,6.5
9404,5.0
20662,3.5
12142,8.5
16369,5.0
28203,6.0
9409,5.0
16535,10.0
12063,7.5
14847,6.0
21632,6.0
10505,3.5
21592,6.0
12160,7.0
8186,5.0
27660,10.0
22496,6.5
7879,5.0
27354,5.0
16418,7.5
8997,5.0
16740,10.0
5287,8.0
5862,6.0
13559,6.0
16958,7.5
27076,5.0
8266,6.5
25911,6.0
23520,5.0
23898,0.0
13692,5.0
14658,6.0
26922,6.0
8347,7.5
20056,3.5
4741,7.5
17279,6.0
29217,7.5
25945,5.0
8767,6.0
1166,3.5
15960,6.0
14311,6.5
21810,7.5
19997,7.5
15169,6.5
25937,6.0
17725,6.0
13641,6.0
24920,7.5
21684,6.5
11512,6.0
12680,5.0
25491,7.5
26054,8.5
20773,6.0
28332,7.5
12703,5.0
17532,7.5
2232,6.0
26348,9.0
314,6.0
20532,5.0
7344,6.0
27663,5.0
13877,6.5
936,7.5
415,7.5
10491,10.0
2849,7.5
15176,5.0
22153,6.5
25964,5.0
24634,6.0
9761,6.0
12657,7.0
21657,5.0
3368,6.0
6508,7.5
8569,10.0
14306,8.0
2628,7.5
28416,6.0
814,5.0
15886,6.0
24911,5.0
24598,6.0
6618,10.0
19417,6.5
27420,6.5
4020,6.0
15438,7.5
20147,6.5
18869,7.5
14451,7.5
20230,10.0
24443,7.5
9163,5.0
26213,6.5
20409,6.0
22392,6.0
17782,6.5
12043,6.5
13909,3.5
10788,10.0
4955,6.5
4407,7.5
7823,6.0
4234,10.0
5060,6.0
21158,5.0
28782,6.0
21987,7.5
2764,7.5
4756,7.0
9561,6.5
7425,5.0
6221,6.5
17418,5.0
15445,6.5
28024,6.0
12415,3.0
6900,10.0
20066,6.5
7070,6.0
22878,10.0
28990,6.0
18950,5.0
26736,5.0
14564,6.5
25875,5.0
23975,6.0
17167,6.5
9782,6.5
21137,10.0
27115,6.0
14432,5.0
16483,7.5
15096,6.5
21935,3.5
2242,10.0
26559,6.0
16835,7.5
11371,6.5
24750,5.0
13818,7.5
14526,5.0
21613,6.5
14188,8.0
8498,7.5
27476,6.0
23160,6.0
11804,8.0
17417,7.5
21728,6.0
8005,3.5
26567,6.5
21094,6.0
4836,6.5
7192,8.5
11706,7.5
6319,10.0
16843,7.5
7930,8.0
20318,6.0
7113,6.5
10112,5.0
15354,10.0
16435,10.0
28347,6.0
25639,6.0
5954,6.0
12807,6.0
28515,5.0
673,3.5
28697,5.0
22608,7.5
12913,6.5
27099,6.0
5196,5.0
21105,10.0
17963,8.0
16691,7.5
17728,7.0
17467,7.5
4746,6.0
28848,10.0
20639,6.0
26082,5.0
21209,6.5
365,7.0
13881,10.0
6754,6.0
12065,6.0
10235,5.0
25969,7.0
271,8.5
26253,10.0
11721,7.5
18643,7.5
17341,7.5
20653,10.0
13935,6.0
13269,6.0
15893,5.0
12935,6.5
4601,6.0
8661,6.5
20048,5.0
5101,7.0
13504,3.5
28145,5.0
23997,5.0
9599,6.5
10517,3.5
17730,6.0
1918,6.0
22062,10.0
21153,6.5
24505,7.0
16033,5.0
21432,7.5
9279,10.0
25012,6.0
7926,10.0
6330,5.0
23902,8.5
7286,6.0
12606,6.5
8476,6.0
12895,7.5
3984,7.5
22473,8.0
5003,8.0
25624,6.0
3010,3.5
13970,6.5
23163,7.5
15827,6.5
20839,6.0
11748,6.0
11582,6.0
3061,6.0
16909,5.0
11007,7.0
28283,6.0
24046,6.0
27602,6.0
13691,5.0
4110,5.0
22861,6.5
22565,8.0
10976,6.5
579,6.0
2174,6.0
24172,6.0
13567,7.5
9384,3.5
28448,10.0
5227,6.0
23141,7.5
16301,7.0
9179,6.0
21573,5.0
1466,10.0
2700,7.5
20826,7.5
15360,5.0
7692,6.0
11528,5.0
8456,10.0
31,6.0
24266,6.0
28244,5.0
1064,7.0
18746,5.0
18143,5.0
23569,6.0
26365,10.0
26945,5.0
7509,6.5
17835,7.5
10458,6.5
13586,5.0
24175,10.0
4502,3.5
23691,7.0
14366,7.5
23219,6.0
29161,3.5
4559,6.0
16501,6.5
16267,6.0
26379,6.5
6160,7.5
15917,6.0
11074,3.5
15269,6.0
8328,5.0
19180,5.0
13645,10.0
14187,7.5
26049,3.5
16243,6.0
18781,10.0
18062,5.0
8920,5.0
4394,6.0
3623,6.5
27217,6.5
7245,6.0
17653,7.5
19505,7.5
28267,5.0
5486,10.0
28302,6.0
17755,10.0
392,6.0
5577,7.5
24160,9.0
4655,9.0
14357,6.0
13466,3.5
19673,6.0
24000,10.0
7521,3.5
27143,6.5
3982,7.0
8459,10.0
26842,5.0
20012,6.0
23940,7.0
8215,10.0
29109,6.0
25557,6.0
12880,6.0
1104,6.0
11655,7.5
21678,7.5
2478,3.5
12158,6.5
20353,6.0
2040,3.5
23686,7.5
12438,6.0
11754,6.5
2171,6.0
26336,5.0
26282,10.0
27859,7.5
5690,6.5
21967,7.5
2320,5.0
13608,6.5
22264,6.0
17008,6.0
28353,7.0
10265,10.0
14438,10.0
26674,7.0
21479,6.0
22347,5.0
27212,10.0
16317,7.5
563,7.0
27595,6.0
8956,6.5
7343,6.0
3013,7.5
1590,6.0
28197,6.0
11950,6.5
3645,7.0
21195,5.0
5733,7.5
21954,6.0
6542,6.0
3938,10.0
26601,5.0
14113,6.0
8466,6.5
20246,6.0
28205,6.0
28465,5.0
29199,6.0
13837,6.0
28905,7.0
1383,6.0
2546,6.5
26984,6.5
1569,5.0
17771,6.0
13494,3.5
26005,5.0
26734,5.0
19005,6.5
20585,6.0
24162,6.0
23549,6.5
7065,3.5
26118,6.0
8258,6.0
13600,7.0
14737,6.0
14516,5.0
28534,6.0
7994,6.0
6999,3.5
26797,5.0
23911,5.0
16450,6.5
4728,6.0
7497,6.0
7375,6.0
4080,7.5
11996,5.0
11068,5.0
28912,7.5
7145,3.5
6363,10.0
5427,7.5
1375,3.5
7152,6.0
24856,6.5
17430,7.5
629,10.0
6327,10.0
5972,6.0
27577,7.5
26584,6.0
3000,7.5
28019,8.0
14169,8.0
13255,7.0
8159,5.0
22216,6.0
25830,5.0
7441,6.0
2673,5.0
11842,6.0
6661,6.5
12035,5.0
26093,6.0
15650,7.5
26546,6.5
5236,3.5
17540,5.0
15210,7.5
2533,6.0
16523,7.5
22225,5.0
6335,6.0
19545,6.5
19773,6.5
23552,6.0
16031,5.0
5746,6.0
21936,3.5
14372,3.5
14312,7.5
5128,5.0
16900,10.0
17066,6.0
19022,7.5
6255,10.0
14805,7.0
19764,6.0
1257,6.5
27405,10.0
24821,10.0
20886,6.5
1815,3.5
6086,7.5
12375,3.5
4172,3.5
14517,6.0
15761,5.0
2615,7.5
1507,5.0
12361,6.0
28021,7.0
18824,8.0
27402,6.0
12422,5.0
27734,6.0
10398,9.0
118,5.0
2458,3.5
5532,6.5
11840,8.0
26062,5.0
6229,5.0
17589,6.0
27372,6.0
1777,3.5
18337,6.5
20288,6.0
18194,7.5
19008,6.0
12082,6.0
21486,7.5
13467,3.5
26150,6.0
2395,6.5
27502,7.0
29012,5.0
16348,6.5
148,6.5
27791,3.5
26712,6.0
9219,8.0
13181,7.5
2071,5.0
5449,6.0
15756,6.0
15485,7.5
10670,8.0
26914,6.0
8783,7.0
11019,6.0
26495,6.5
16167,5.0
19253,6.5
12564,3.5
16485,6.5
19947,6.0
12409,6.5
16513,7.5
1943,10.0
24021,6.5
28756,6.0
5470,6.0
10882,10.0
2035,6.5
382,10.0
1109,6.0
21228,7.5
20419,6.0
20060,7.5
3638,6.5
11678,7.5
18907,6.0
7957,3.5
4745,8.0
2674,5.0
14129,10.0
5663,6.5
22066,6.0
26075,7.5
17962,6.5
683,6.5
10564,8.5
8888,8.0
24128,10.0
26979,5.0
14258,5.0
1904,6.5
24260,8.0
12852,8.0
12484,6.5
20738,6.5
23271,6.0
26820,6.0
10609,6.5
17180,10.0
13928,6.5
13621,6.0
21703,10.0
3349,6.0
22988,6.0
24574,6.0
21873,6.0
21650,6.0
11339,6.0
24759,6.0
20161,6.5
21802,5.0
13753,6.0
25458,6.0
907,6.5
3815,3.5
19886,6.0
5214,6.0
24770,5.0
19705,6.5
19244,7.5
15636,10.0
25984,6.5
18250,10.0
24137,6.0
28325,6.5
6654,9.0
19463,3.5
13180,7.5
23306,7.5
3360,7.5
13959,5.0
12910,6.0
20709,10.0
15076,6.0
21888,7.5
13250,6.0
4497,5.0
1401,3.5
17226,6.0
5595,6.0
6329,5.0
6887,6.0
10943,3.5
7603,6.0
20805,10.0
702,3.0
2054,6.5
28011,6.0
23633,6.5
19525,6.5
24485,6.0
23536,5.0
2195,6.0
5444,9.0
4786,7.5
7614,6.5
12418,6.0
6565,6.0
22486,7.5
17280,10.0
1817,6.0
28822,6.0
26749,6.0
9894,6.5
26519,6.0
29127,6.0
2124,6.0
21626,6.5
24835,7.5
10028,6.0
14506,6.0
14272,6.5
18110,6.0
20789,6.5
16565,5.0
4331,3.5
6026,7.5
23374,7.0
16542,6.5
7870,6.5
9815,6.0
13093,7.5
10736,6.0
17784,7.5
23551,6.0
17840,8.0
16116,6.0
28693,5.0
9615,6.5
25799,6.0
28762,10.0
2021,6.0
21743,3.5
21150,6.0
24795,5.0
9422,10.0
13515,7.5
15962,9.0
28226,6.5
21504,10.0
21174,6.5
29057,5.0
12511,6.5
864,5.0
28097,7.5
2661,6.0
14238,7.5
24979,3.5
27176,7.5
24898,7.5
22741,6.0
26963,5.0
925,6.5
27051,6.0
4637,3.5
9240,6.0
17747,7.5
10659,8.0
9311,5.0
13061,5.0
20392,6.5
21831,6.0
13802,7.5
5521,6.5
26815,6.5
15315,3.5
23113,6.0
11495,6.0
27668,7.5
716,6.0
11905,5.0
27951,6.0
27392,6.0
24277,5.0
13832,6.0
16891,7.5
18384,10.0
18350,6.5
15964,6.0
15187,7.5
17645,5.0
16840,6.0
24678,5.0
5902,6.0
17438,7.5
1678,7.5
25297,7.0
22911,6.0
8787,6.0
25386,6.0
19599,6.5
19654,10.0
9574,7.0
14540,6.0
15461,7.5
11743,6.5
24396,5.0
16065,7.5
13889,8.5
816,6.0
28602,6.5
1571,7.5
15703,5.0
20177,6.0
9437,7.0
20628,6.0
15449,6.0
20492,7.5
1718,3.5
19055,9.0
19995,7.5
4563,7.5
11604,6.0
16415,6.0
20529,6.5
23112,6.0
27485,6.0
15887,7.5
25872,6.0
27516,6.0
15766,5.0
21450,6.5
14325,3.5
14327,10.0
27286,6.0
13039,6.0
5345,7.5
8268,6.0
27631,5.0
14769,6.0
15744,6.0
22109,6.0
12454,6.5
16069,6.0
24120,5.0
7983,6.0
930,6.0
22726,6.0
18835,6.0
18956,3.5
3104,6.0
23303,6.5
18665,6.5
8190,6.0
2648,6.0
17592,8.5
23365,6.0
26948,3.5
11876,6.0
21162,7.5
427,8.0
16699,7.5
15770,6.0
23613,10.0
24570,6.0
23660,3.5
12017,5.0
4481,7.5
21273,10.0
15809,10.0
26156,8.0
4569,5.0
19566,6.0
6723,3.5
18442,6.5
1181,10.0
3699,9.0
25160,6.5
23293,6.5
16862,6.5
28141,6.5
28544,5.0
6603,6.0
1949,6.0
20469,6.5
1453,5.0
15681,7.5
12243,6.0
27083,5.0
6982,6.5
1258,6.0
6473,6.0
14047,3.5
25507,6.5
27245,6.0
15028,5.0
4402,5.0
10254,5.0
856,6.5
20869,0.0
3835,7.5
14832,7.5
14416,6.0
28173,5.0
2408,5.0
24727,6.0
23490,6.0
4980,6.5
28377,5.0
15327,6.0
13651,6.0
15872,6.5
6388,7.5
19424,7.0
8737,7.5
7718,6.0
27121,5.0
12226,3.5
8073,7.0
22840,10.0
17272,5.0
20851,6.5
18501,9.0
6863,5.0
18157,10.0
15548,5.0
17106,6.5
7243,7.0
5020,7.5
17959,10.0
10812,5.0
1788,5.0
19865,6.0
16279,10.0
3124,6.0
2888,7.5
26648,7.5
2454,8.0
26938,5.0
26974,6.0
5634,5.0
14897,5.0
18144,5.0
23282,7.5
20999,6.0
27757,7.5
4822,7.5
26044,8.0
24844,6.0
2588,7.0
7201,8.0
4950,6.5
12159,6.0
23216,6.5
26827,10.0
17021,6.0
4083,5.0
16825,6.5
7308,6.5
22602,6.0
22659,10.0
4526,6.0
15178,6.0
16750,6.0
17307,3.5
1006,7.5
10479,3.5
27958,6.5
18213,10.0
11386,8.0
27249,5.0
6404,10.0
25578,7.5
27314,6.0
18449,5.0
1180,8.0
10302,5.0
26804,6.0
8540,6.5
26542,8.5
20397,6.0
18468,5.0
13712,7.0
28206,6.0
13943,6.0
18276,6.0
25883,6.5
6227,7.0
21918,7.5
15017,10.0
18407,5.0
19386,6.0
28031,6.5
24950,8.0
12168,6.0
19857,6.5
18324,3.5
12031,6.0
24177,10.0
12179,5.0
17664,5.0
5215,6.0
20537,6.0
12198,6.0
5456,8.5
16820,5.0
15123,5.0
24410,5.0
21200,6.0
18309,6.5
29128,6.0
24739,6.0
6522,7.0
25153,3.5
24139,3.5
11602,6.0
25630,5.0
28957,7.0
23377,5.0
18057,6.0
10982,7.5
4265,7.5
11409,6.5
8189,10.0
13885,3.5
15530,10.0
22150,5.0
17114,5.0
24589,6.5
8394,10.0
14746,3.5
21765,7.5
25093,6.0
1727,8.5
12862,6.0
15923,8.0
15965,6.0
8970,5.0
26978,5.0
7435,8.5
3507,6.0
20262,7.0
19846,7.5
23696,6.5
10241,6.0
6224,6.0
4404,10.0
14903,6.0
11085,6.0
11533,6.0
24455,6.5
11563,5.0
22402,6.5
8659,10.0
7623,7.5
22475,8.5
917,10.0
16786,6.0
29100,5.0
28920,6.5
22873,6.0
27163,6.0
28704,6.0
2391,10.0
6578,6.0
9734,7.0
22305,7.5
6871,6.0
14731,6.5
13205,6.0
26437,6.5
9139,7.5
6045,6.0
6412,6.0
25692,6.0
20588,6.0
28580,6.0
12117,6.5
5211,5.0
28529,6.0
17876,5.0
21115,5.0
3527,3.5
3443,8.0
28930,6.0
17093,6.5
26508,7.5
18130,5.0
15657,5.0
23768,6.0
959,6.0
18569,6.5
20125,6.5
2492,6.0
24364,5.0
7336,5.0
5780,6.0
10915,7.5
18782,10.0
21799,6.0
15347,10.0
19111,5.0
28370,6.0
12890,7.5
19644,5.0
16064,5.0
6356,6.5
21034,10.0
20085,7.5
13528,10.0
12286,6.5
8413,6.5
24305,6.5
17261,6.0
19611,6.5
10529,3.5
7523,5.0
23755,6.0
15323,8.5
7896,3.5
20584,6.5
23742,6.0
24809,6.0
15322,6.0
10498,6.0
22716,7.5
794,6.5
5986,6.0
25190,6.0
27861,6.0
8901,6.5
17882,6.5
25599,6.0
9843,6.0
14389,3.5
9700,6.5
14549,6.0
21128,7.5
28342,5.0
22706,6.0
5473,6.5
23388,6.5
29201,6.5
21416,6.5
23208,3.5
9451,5.0
15653,7.5
22495,7.0
26002,7.5
4701,7.5
8277,5.0
12357,3.5
12463,7.0
24187,6.0
26782,6.0
5069,6.0
4824,6.5
5308,7.5
2987,7.5
24707,6.0
27766,6.0
19168,5.0
1887,10.0
24815,6.0
13291,10.0
18777,7.5
27933,3.0
381,7.0
20536,6.0
18139,5.0
17350,7.5
23495,6.5
8359,10.0
22632,7.5
20480,7.5
24544,6.0
26650,7.0
14075,6.0
28120,6.0
16778,10.0
14409,3.5
26555,6.0
15651,7.5
25271,8.5
2161,10.0
12697,6.0
23045,6.5
17666,5.0
14354,6.0
15910,6.0
18418,8.5
17102,7.0
25573,7.5
698,6.0
6751,7.0
28536,6.0
21960,3.5
2428,5.0
21424,6.5
10655,5.0
17783,6.5
20403,6.5
10575,8.0
23546,6.0
2537,8.0
21184,6.0
26745,6.5
13398,7.5
862,5.0
13819,6.5
22517,7.5
9386,7.0
28089,6.0
27490,6.0
22119,6.5
14876,6.0
12072,6.0
23378,6.0
46,6.0
24590,6.0
20681,7.5
25055,7.5
7055,3.5
10350,5.0
18322,10.0
24796,3.5
21772,6.0
4758,6.0
13183,10.0
20833,6.0
1647,6.5
17281,7.5
6577,6.0
2450,3.5
24231,7.5
8253,9.0
22848,3.5
25232,6.0
19972,10.0
21492,5.0
24448,6.5
22108,6.5
11679,6.0
6185,10.0
15075,6.0
17288,6.5
10572,3.5
6959,6.0
12914,7.5
4547,6.5
20627,6.0
28736,5.0
20570,8.5
7876,6.0
13409,7.5
14646,6.0
7417,7.0
25755,7.0
28066,3.5
27192,6.0
10047,6.0
28568,5.0
23464,5.0
26800,6.5
4558,5.0
13007,3.5
13862,10.0
4444,6.0
8640,3.5
19796,5.0
25378,5.0
28723,6.0
12253,6.0
21429,10.0
322,7.0
13591,7.5
6917,7.5
428,6.5
17403,7.5
22625,6.0
12533,3.5
28117,6.0
4401,7.5
5485,6.0
24581,6.0
1629,6.0
4391,10.0
17536,3.5
2433,6.0
20903,6.0
27561,9.0
15666,5.0
7832,6.5
14041,7.5
27804,6.5
27620,7.0
4320,7.5
20389,5.0
23697,7.5
4890,7.0
1653,3.5
17829,6.0
28304,7.5
18142,6.5
26858,7.5
2675,5.0
23657,10.0
79,5.0
11663,6.0
1438,5.0
3218,7.5
8934,6.5
25595,6.0
13129,6.5
27963,10.0
8335,7.5
25370,6.0
7473,6.0
26129,5.0
1584,6.0
12553,7.5
27765,6.0
22948,10.0
21462,7.0
16705,7.5
17714,7.5
12563,6.5
25343,7.5
29085,6.0
22698,6.0
9316,5.0
1480,6.0
11448,3.5
3199,6.0
20078,7.5
12651,6.0
5507,10.0
8647,6.0
1846,7.5
28682,5.0
11523,7.5
26465,6.5
17476,3.5
330,6.0
19197,6.0
6457,3.5
27273,5.0
18460,7.5
20122,5.0
9790,3.5
20932,7.0
10027,7.5
4210,9.0
10895,7.5
20968,10.0
27605,6.0
16569,6.0
10759,10.0
10971,6.0
798,6.0
1186,6.0
20124,5.0
3665,5.0
25347,6.0
26266,7.5
19036,5.0
4041,5.0
4995,6.0
3625,3.5
5719,6.5
28836,6.0
19229,6.0
7369,3.5
11870,6.5
5618,10.0
5897,6.0
14220,7.5
9663,6.0
25201,7.5
9533,6.5
26280,6.5
3943,6.0
17289,5.0
17372,10.0
14046,8.0
15814,3.5
19219,6.0
11355,5.0
11553,6.5
264,7.5
19786,6.5
11550,6.0
17335,6.0
8756,6.0
8234,0.0
934,7.5
1101,6.5
21010,7.5
4992,5.0
17293,6.0
16250,10.0
26382,7.0
26789,6.0
7593,3.0
19060,7.0
25282,6.0
15891,6.0
8836,6.0
13690,6.0
25484,5.0
20579,7.5
9017,6.0
18791,6.0
7380,7.5
16518,6.0
8267,6.0
9638,3.5
24005,10.0
7754,6.0
23909,6.5
25123,5.0
20950,6.0
18647,7.5
18233,7.5
20212,7.5
26492,6.0
4183,3.5
6758,7.5
15605,3.5
3593,6.0
2154,6.0
5098,3.5
23317,6.0
5589,3.5
25237,6.0
4590,6.5
22358,10.0
26962,8.0
18163,6.0
9704,6.0
17717,7.5
25898,10.0
11345,5.0
25551,7.5
4685,7.5
13024,7.5
9452,5.0
14625,7.5
1535,6.0
28774,5.0
10035,7.5
15950,7.0
5010,5.0
2952,5.0
6547,6.0
17368,5.0
7427,8.0
2072,5.0
404,10.0
6615,6.0
4243,6.5
22939,5.0
12696,7.0
24660,6.5
6637,6.5
1778,3.5
23143,5.0
13686,7.5
18176,6.0
15490,7.5
2526,6.5
11086,6.0
22028,6.0
5016,3.5
26230,5.0
17826,6.5
22804,10.0
18413,10.0
14598,6.0
18308,6.5
18134,6.0
28628,5.0
9650,6.0
26781,10.0
22749,5.0
9113,6.5
24335,6.0
15029,6.5
3483,7.5
5458,9.0
2693,5.0
14551,7.0
16194,5.0
5344,5.0
12956,6.0
26999,6.0
20460,6.0
20793,6.0
18467,7.5
29190,5.0
1207,8.0
2778,7.5
10889,6.0
15719,7.0
25904,5.0
15549,6.0
16234,7.5
7698,5.0
1287,7.0
17328,5.0
3792,6.0
5021,5.0
10782,3.5
6124,3.5
23900,8.5
2297,7.5
8136,6.0
12604,3.5
7498,6.0
23093,7.5
11890,6.0
93,6.0
28715,7.5
20421,7.5
6459,7.5
2358,5.0
4052,8.0
25028,6.0
27995,5.0
1414,7.5
13704,7.5
15344,6.5
19994,7.5
19617,5.0
13303,6.0
7586,7.5
24383,7.5
17194,6.0
4476,3.5
1497,8.0
19116,10.0
21484,6.5
24337,6.0
11552,6.5
25422,6.0
20963,3.5
15304,7.0
8431,6.0
26008,6.0
23709,6.5
8963,3.5
9994,6.0
21336,6.0
20611,5.0
11109,6.5
3618,6.0
24336,3.5
1684,8.0
14298,7.5
828,5.0
29086,6.0
19502,6.0
7472,5.0
18852,6.0
7027,3.5
18557,6.0
10924,7.5
27421,6.0
27614,6.0
27190,6.0
28181,6.5
14494,6.5
16237,6.5
3472,6.0
12086,7.5
17642,5.0
19676,7.5
4935,7.5
26785,6.5
10885,10.0
604,8.0
26573,6.5
1467,5.0
1703,5.0
20976,3.5
27707,6.0
19711,10.0
23091,6.0
8916,6.0
7395,0.0
19990,6.5
22637,6.0
17894,7.5
16504,5.0
20828,6.0
14824,6.0
28694,8.5
18060,8.5
18761,6.0
8045,5.0
26810,7.5
22176,7.5
9186,5.0
10250,6.0
18385,7.5
12836,3.5
26672,6.5
4736,6.0
3540,3.5
5349,7.5
23588,5.0
25276,6.0
1036,6.5
12334,6.0
22548,10.0
25069,6.5
15830,5.0
25476,6.5
18715,5.0
20297,6.0
24818,6.0
15749,10.0
28282,5.0
4719,6.0
21091,6.5
23656,8.0
28975,6.0
23528,5.0
28427,5.0
20576,6.5
26801,6.5
13101,3.5
22583,7.5
14732,6.5
13956,6.5
3148,3.5
27220,6.0
642,7.5
4082,7.5
2110,6.0
28511,6.0
5388,6.0
18812,6.0
4922,6.0
5175,7.5
21191,7.5
17584,7.5
20053,6.0
5651,6.0
7653,6.0
18694,6.0
22146,5.0
9385,6.0
17937,7.5
14844,7.5
22579,5.0
16670,6.5
17752,10.0
4212,0.0
12053,10.0
26143,6.5
14031,5.0
27527,7.0
229,6.5
22193,6.5
25121,6.0
29105,6.5
3040,5.0
3534,7.5
8938,7.5
26604,7.5
7020,6.0
5649,7.5
741,6.5
12385,6.0
16337,6.5
1726,8.5
1750,6.5
27199,6.0
16810,6.5
25326,6.0
5395,7.5
10571,7.0
590,3.5
26643,6.5
11453,10.0
16609,6.5
18377,6.0
624,6.0
21937,6.0
6139,3.5
6735,6.0
14403,7.5
19648,6.0
21226,6.5
2747,5.0
6606,6.0
2140,6.5
8692,3.5
4318,6.0
27338,6.0
19754,6.5
22823,6.0
7391,7.0
18493,10.0
2522,3.5
13811,5.0
14651,5.0
7440,7.5
11819,5.0
9460,6.0
23646,10.0
14983,9.0
23945,6.0
7612,6.0
27446,3.5
6874,7.0
7814,3.5
11043,5.0
12907,7.5
29129,5.0
25706,6.0
1386,6.0
28732,6.0
18880,5.0
7455,7.5
9448,6.0
20018,6.0
13619,7.5
21434,7.5
3764,3.5
20525,7.5
2698,5.0
26719,5.0
21365,3.5
25709,6.0
29225,7.5
26634,6.5
27196,6.0
5784,8.0
28161,5.0
21705,6.0
8833,7.0
2483,3.5
12646,9.0
17478,5.0
16809,6.5
4855,6.0
17469,5.0
25810,6.0
19251,3.5
6613,6.0
16424,6.5
11378,5.0
26924,6.0
24650,7.5
23138,5.0
2078,7.5
27745,7.0
24496,6.5
26346,6.0
2410,3.5
21134,5.0
15828,6.0
25489,6.0
1372,7.5
18254,0.0
855,10.0
26175,6.0
10169,0.0
16608,6.5
22259,5.0
25453,3.0
15407,6.0
21551,6.0
26042,6.0
7178,6.0
1648,6.5
19825,6.0
14514,6.5
25446,8.0
7918,8.5
13251,10.0
27272,6.0
25440,6.0
18406,7.5
22331,7.0
27767,5.0
8721,6.0
10928,7.5
23606,7.5
4548,6.0
14800,5.0
4916,8.5
749,6.0
12679,10.0
24441,6.5
19915,9.0
12262,7.5
882,5.0
6034,6.0
24776,9.0
8725,7.5
8168,7.5
1252,6.0
19447,5.0
14172,6.0
19196,6.5
18675,7.5
1029,7.0
27133,6.0
27983,5.0
23710,6.5
17283,6.0
28855,6.5
12254,3.5
27718,10.0
26993,5.0
2289,5.0
26756,6.0
1864,6.0
9791,5.0
4538,5.0
24931,6.5
23934,6.0
27475,5.0
27720,6.0
25128,7.5
18752,7.0
13960,6.0
2555,6.5
15,6.0
7461,7.5
27206,5.0
24836,10.0
8447,6.0
8437,7.5
8978,7.5
9357,7.5
2415,6.0
5623,6.5
2738,7.5
25313,5.0
27880,3.5
3255,6.0
10342,7.0
8983,6.0
21926,6.0
18923,3.5
14080,6.5
24011,7.5
9651,7.5
7573,5.0
5983,6.0
24449,5.0
6799,8.0
19710,6.5
446,5.0
25596,5.0
15184,3.5
923,6.0
26043,10.0
10608,3.5
19312,6.0
19761,6.0
24071,7.0
21446,5.0
7548,6.5
19932,7.5
7635,6.0
23658,10.0
12561,6.5
6879,8.0
4579,8.5
7167,7.0
15408,6.0
11992,3.5
24810,6.0
27017,6.0
8036,6.0
18749,6.5
16927,7.5
20394,7.5
29083,7.5
6104,6.5
27511,5.0
14750,10.0
1277,8.0
2921,5.0
12771,3.5
9117,5.0
13091,7.5
10046,3.5
19227,3.0
11816,6.0
5887,10.0
8775,10.0
19444,7.5
19308,7.5
18185,10.0
15276,7.5
4861,5.0
13625,6.0
4981,3.5
28660,6.0
12687,6.5
3323,5.0
9347,6.0
7545,6.5
21376,6.0
26891,6.0
5376,7.5
750,6.0
28467,5.0
22139,5.0
26702,5.0
2498,10.0
26469,6.0
23261,6.0
9446,6.5
20906,6.5
9343,8.5
11850,3.5
5558,10.0
28550,5.0
27869,6.0
5077,3.5
5640,7.5
3504,7.5
12215,6.5
13298,6.0
1650,6.0
28196,6.5
3340,3.5
28086,6.0
8832,3.5
7287,5.0
11346,5.0
13493,9.0
24321,6.0
21669,10.0
22417,6.0
12954,6.0
27601,5.0
20809,6.0
534,10.0
24910,6.0
24888,6.0
144,6.0
26727,7.5
12029,7.5
15954,8.0
5638,6.0
22996,6.5
22080,7.5
292,6.0
18886,6.0
28520,7.5
275,7.5
4276,5.0
12416,6.0
7932,10.0
11320,6.0
2788,7.0
21907,7.0
15710,3.5
15508,5.0
17249,6.0
2724,6.5
21931,6.0
1495,6.0
28522,6.0
6720,5.0
405,3.5
18510,5.0
7968,3.5
21955,7.5
7887,5.0
24334,6.0
7602,6.5
12672,3.5
26640,6.0
18925,7.5
9016,6.0
17183,6.5
13152,7.5
835,8.0
19661,6.0
12860,7.5
3301,6.0
15011,6.0
4747,7.5
13576,6.0
25918,6.5
12965,5.0
16819,6.5
17332,10.0
27465,6.0
19967,7.5
9220,6.0
21944,3.5
20461,7.5
10755,5.0
5823,6.0
18338,6.5
15563,6.5
23609,6.5
7021,10.0
26140,10.0
1171,8.0
17702,6.5
25518,7.5
28187,6.5
9109,5.0
13653,6.0
16629,7.5
22031,6.5
16591,5.0
24145,7.5
11412,6.0
6612,3.5
28321,7.5
8882,5.0
6526,6.5
12406,7.5
21159,10.0
887,6.5
14828,8.5
13353,6.0
24579,10.0
17924,5.0
17387,6.5
8380,7.5
14471,6.5
2574,5.0
4477,6.5
18287,8.0
447,6.5
13030,6.5
18832,6.0
19050,5.0
4213,6.5
24612,6.0
8302,6.5
23809,6.0
17997,6.5
13018,6.0
12676,7.5
27085,7.5
25414,3.5
7134,6.0
21426,3.5
7874,7.5
27879,6.0
27394,5.0
13077,7.5
10485,6.0
13841,5.0
20772,6.0
164,6.0
12273,7.5
9475,7.5
15600,7.5
24049,7.5
5670,5.0
19834,6.5
25471,5.0
1265,7.0
2686,7.0
19637,6.5
18542,6.5
6007,6.0
16492,6.5
5410,6.0
8844,6.0
17159,5.0
6039,5.0
18318,6.5
25258,7.5
3817,7.5
10351,6.0
21348,3.5
10268,6.0
25713,7.5
2329,6.0
15035,6.0
19046,7.5
7124,5.0
18822,6.0
26795,3.5
27755,7.5
1206,6.0
2034,7.0
22539,6.0
18526,6.0
22884,6.0
10509,7.5
15619,7.5
18514,10.0
8865,6.0
22405,7.5
1819,3.5
23481,5.0
26415,10.0
28978,3.5
16198,7.5
18492,0.0
23821,7.5
18014,7.5
12705,10.0
12133,10.0
12892,6.5
21251,6.0
666,3.5
1081,7.5
22121,10.0
17493,10.0
27651,6.0
24064,7.5
13530,6.0
23103,6.0
24758,6.0
7131,6.5
26314,6.0
11856,6.0
27849,6.5
2429,6.0
27400,6.5
20962,6.0
5866,6.0
11723,0.0
24331,7.0
25493,6.0
18105,6.0
6296,7.5
4612,3.5
29076,7.5
25367,6.0
13512,6.0
21252,10.0
28298,3.5
18565,7.0
14365,5.0
10171,6.5
27404,6.0
22789,7.0
12496,6.5
12905,6.5
6862,5.0
22086,5.0
27260,3.5
18034,6.0
17984,6.5
22764,5.0
23347,6.0
28335,7.5
4134,3.5
9741,5.0
19675,7.5
28714,6.0
7342,6.0
5644,8.0
20613,7.5
19533,6.0
24097,6.5
11501,6.5
1910,6.0
22809,6.5
9287,6.0
23453,9.0
7090,7.5
3882,7.0
11112,8.5
27327,6.0
23766,6.0
16649,7.5
19395,0.0
18270,7.5
7061,10.0
17812,6.5
22987,6.5
17367,6.5
26190,6.5
25677,6.0
8627,6.0
22256,5.0
25374,6.5
19094,3.5
7574,7.5
22013,6.0
23250,7.5
19795,5.0
27024,6.0
12255,6.0
26424,5.0
24932,3.5
23367,10.0
8046,10.0
738,10.0
28121,6.0
18639,6.0
20502,5.0
3862,6.0
28867,6.0
11993,3.5
5655,6.0
27978,8.5
1565,7.5
13216,6.0
7039,5.0
5116,7.0
22061,6.0
3841,6.0
10421,6.0
12927,6.0
6576,6.5
6402,6.0
25525,6.5
16335,10.0
6422,6.5
20279,6.0
12464,8.0
2203,6.0
21311,5.0
25040,6.0
17979,5.0
28587,6.0
26609,5.0
7153,6.0
9719,6.0
15511,6.5
14878,6.5
27572,5.0
20642,5.0
22835,10.0
27103,6.0
24933,7.5
16804,6.5
20885,6.0
27325,6.0
14691,10.0
5622,6.0
12120,5.0
25447,6.0
15826,5.0
11510,7.0
13803,6.0
8449,6.0
27626,6.5
18184,6.0
28913,5.0
5362,6.0
2442,6.5
20457,6.5
22665,6.0
27691,10.0
24912,7.5
22978,6.5
28626,6.0
5259,6.0
7566,5.0
11076,6.0
695,6.0
8641,6.0
13786,6.0
3942,6.0
23507,6.0
891,3.5
26463,7.5
5932,3.5
4192,6.0
28375,6.0
15698,6.5
12267,7.5
3529,6.0
25391,7.0
23434,10.0
14572,6.5
73,5.0
17030,6.0
6676,7.5
6088,8.0
16153,7.5
13695,6.5
28621,3.5
23798,7.5
18857,6.5
6763,6.0
18360,6.0
4252,3.0
23509,7.5
27836,6.5
21966,6.0
28475,10.0
3939,6.0
20996,7.5
23274,7.5
19793,6.5
774,6.5
20196,5.0
9399,6.0
18271,7.5
3636,10.0
6701,7.0
10002,6.0
17502,5.0
28578,6.0
9344,10.0
15033,6.0
3354,6.0
6066,3.5
7392,10.0
20842,6.0
12854,7.5
28996,5.0
28073,6.5
13428,6.0
3001,8.0
7171,6.0
944,10.0
2201,10.0
28562,5.0
28667,5.0
28199,6.0
4000,7.0
24889,6.5
21032,5.0
23483,5.0
5518,6.0
14349,7.0
15414,5.0
14112,7.5
21735,3.5
22639,5.0
26430,5.0
26020,5.0
26388,7.5
15629,6.0
8324,3.0
15066,7.5
8781,6.5
2676,3.5
14959,6.5
8430,6.5
26496,6.0
17455,6.5
19801,6.0
20786,6.0
636,6.0
12629,10.0
19981,5.0
23944,5.0
21714,5.0
24576,5.0
26639,6.5
3683,3.5
18797,6.0
17096,7.5
3176,5.0
674,6.5
9693,6.0
8243,7.0
15807,6.5
19062,7.5
19335,5.0
21555,6.0
20539,7.5
8861,6.0
17667,5.0
10844,5.0
21454,5.0
22612,7.5
6585,6.0
10374,6.0
8313,10.0
16644,6.0
27870,6.0
24705,10.0
9608,6.0
1770,8.0
15012,6.0
9453,6.0
27612,8.0
3824,5.0
7482,6.0
23674,7.5
4828,3.5
23995,6.0
15127,3.5
27846,7.5
26092,7.0
26426,7.0
23277,5.0
13430,7.5
12331,9.0
813,7.0
13330,6.5
5672,10.0
26541,5.0
27641,6.0
6015,7.5
17092,6.0
28936,6.5
8423,8.0
2012,5.0
20149,6.0
9664,6.0
14000,6.5
4335,6.0
18798,6.5
13253,7.5
24412,6.0
20808,6.5
4228,6.0
13056,6.0
24467,6.5
15311,6.0
19934,6.0
24320,6.0
5067,6.5
25736,6.0
717,7.5
18659,6.5
27800,6.0
17541,6.0
21847,6.0
21180,6.0
23961,5.0
16278,7.0
11554,5.0
28193,6.0
1644,6.0
3805,8.0
16251,10.0
12936,9.0
22898,6.5
20304,6.0
25600,6.0
1527,6.5
27183,5.0
4542,6.0
766,5.0
28737,6.0
27648,8.0
14027,3.5
8748,7.0
9610,6.0
3449,5.0
1170,6.0
8828,10.0
26068,8.5
19868,6.0
7756,6.5
2146,5.0
12544,5.0
15562,3.5
18381,6.5
25539,7.0
25211,6.0
25385,6.0
18943,6.0
10588,6.0
251,0.0
10845,5.0
12459,7.5
4398,6.0
27268,6.0
23075,6.0
18738,6.0
3222,6.0
17786,6.5
21991,5.0
27098,7.5
25346,6.5
20767,10.0
6625,6.0
16012,6.0
13743,10.0
1266,6.0
5796,6.5
18823,6.0
7883,5.0
16246,7.5
20949,6.5
29195,3.5
26796,5.0
12642,6.0
2135,6.5
1890,6.5
23394,6.0
26537,6.0
21086,5.0
7881,8.5
26267,6.0
1963,5.0
12978,6.0
13580,6.5
17936,6.5
16784,5.0
18186,5.0
22690,8.5
20034,5.0
25294,7.5
24866,5.0
24136,6.0
26866,8.0
27267,7.0
2539,6.5
4459,3.5
28065,3.5
15385,7.5
19292,10.0
20548,7.5
11161,6.5
24745,7.0
9060,5.0
14710,6.0
27202,6.5
25472,6.0
10675,5.0
25317,6.0
25192,6.5
21488,6.0
7565,5.0
5350,6.5
27466,6.0
377,3.5
500,6.0
1102,6.5
27375,5.0
7898,6.5
25741,5.0
12736,7.0
27008,5.0
4872,6.0
19743,6.5
19943,6.0
2913,3.5
28243,6.0
22210,6.5
19656,6.0
28059,5.0
27987,5.0
17992,3.5
18819,6.0
27703,6.5
25553,5.0
18356,7.5
11029,10.0
21187,3.5
2671,6.0
7744,6.0
7739,6.0
14275,8.5
13429,3.5
15949,3.5
3111,10.0
29032,6.0
18135,6.0
4887,6.5
1875,10.0
22129,6.0
16080,6.0
3284,7.5
12186,10.0
27393,5.0
4150,3.5
18742,3.5
3418,5.0
16331,3.5
28179,7.5
19520,10.0
13994,0.0
3422,3.5
15888,6.5
22959,5.0
19713,7.5
20327,5.0
11605,7.0
877,7.0
28240,7.5
2274,7.0
24033,6.0
20197,6.0
1128,6.0
19580,5.0
11069,7.5
21148,5.0
29150,5.0
25369,7.5
8810,5.0
24994,6.5
26279,6.5
18818,7.0
28603,7.5
20035,5.0
7033,6.5
28895,7.5
27178,6.0
28769,5.0
21736,6.5
17416,7.5
11646,6.5
29177,7.5
20371,6.0
28571,6.5
21205,6.0
6870,5.0
5176,7.5
8555,6.5
22882,7.5
12999,10.0
11983,6.0
13839,8.5
24503,6.0
14997,6.5
2958,8.0
2558,8.0
14050,5.0
24504,6.0
22918,7.5
26539,6.0
9303,10.0
9627,6.0
24181,6.0
27306,6.0
27973,6.5
15644,5.0
24613,6.0
26806,10.0
3348,7.5
12257,7.0
14318,7.5
10783,3.5
1631,7.0
21834,6.0
3585,6.0
5441,6.0
24837,5.0
20616,6.0
28051,6.0
25439,6.5
24827,5.0
25962,6.0
9300,3.5
28451,6.0
28349,6.0
3968,10.0
17995,6.5
28314,6.0
29216,5.0
27040,7.5
9292,6.5
7544,7.5
20545,6.0
24010,7.5
26972,6.0
18606,6.0
25191,7.0
2682,6.0
15260,6.5
13408,7.5
5043,8.5
18964,8.5
25035,7.0
27054,6.0
21351,6.5
24466,9.0
5692,6.0
21013,7.5
4670,3.5
2607,5.0
26083,6.0
10581,7.0
11741,9.0
21104,6.5
16444,5.0
3431,5.0
11153,10.0
13051,6.0
5139,5.0
15489,6.5
3219,6.0
10799,6.0
6297,7.5
28291,5.0
10067,6.5
4664,6.5
15948,7.5
18957,6.5
9923,3.5
457,6.0
3458,7.5
27458,10.0
4376,5.0
2914,5.0
13640,10.0
9182,6.5
22302,7.5
28483,7.0
18519,5.0
26377,6.5
23364,6.0
26387,6.0
29180,5.0
2141,6.0
22924,6.5
7529,6.0
27132,7.0
10409,6.5
16097,7.5
14281,5.0
13806,10.0
12012,6.5
9941,6.0
22649,6.0
20802,10.0
26968,6.0
7840,3.5
15005,6.0
28158,6.0
17044,7.5
18522,5.0
11814,3.5
27508,5.0
10733,6.5
22834,6.5
23703,6.5
16306,10.0
18975,6.5
27449,6.0
22187,6.0
24816,5.0
5914,10.0
15036,6.5
26203,6.5
22648,7.5
28943,6.5
16411,8.5
18988,5.0
27984,7.5
25831,7.5
24235,6.0
24730,5.0
20814,7.5
24450,5.0
21036,6.0
1573,7.0
11138,6.0
12333,6.0
25345,6.5
26366,6.0
19167,3.5
4516,10.0
17751,10.0
16426,10.0
2739,6.0
22175,10.0
23535,6.5
460,6.5
818,6.0
26198,6.0
19320,5.0
20176,7.0
13650,10.0
6704,7.0
1079,5.0
27542,6.5
12396,6.0
5459,9.0
27584,6.0
15958,7.5
1323,6.0
26446,6.5
12214,6.0
16593,6.5
1649,6.0
5732,6.0
5679,5.0
17964,7.5
14458,6.0
25365,6.0
13488,6.0
28466,6.5
11874,6.5
20575,7.0
6122,7.0
4702,6.0
25561,8.0
1088,5.0
27881,7.0
21833,6.0
10939,7.5
16709,8.5
11279,10.0
7032,6.5
21345,7.5
6087,6.0
18430,6.0
15643,5.0
8907,10.0
17759,6.0
23482,5.0
24273,6.5
10618,6.0
28835,6.0
16715,6.0
5472,6.5
13276,6.5
21880,6.5
1522,6.5
16410,5.0
25241,6.0
11722,6.0
9740,8.0
6965,6.0
18730,3.5
23429,5.0
4881,6.0
20047,5.0
10158,6.5
23132,6.5
5547,5.0
28579,5.0
25865,6.5
16965,7.5
28237,5.0
10156,6.0
1517,8.0
15892,6.0
25139,5.0
5636,6.5
24099,5.0
7837,6.0
24186,7.5
21553,6.0
22474,6.0
18512,8.0
25910,6.0
4266,5.0
8108,7.5
26337,7.0
25319,3.5
26176,6.5
21363,6.5
27506,6.0
17696,6.0
28218,7.5
14880,3.5
7969,6.0
16803,5.0
29183,6.0
23265,10.0
4472,7.5
5234,10.0
26181,6.5
7821,6.0
25454,5.0
19388,5.0
19842,6.0
8140,6.5
212,6.5
8176,7.0
11786,7.5
22240,10.0
14456,6.5
7469,5.0
10582,8.0
20546,5.0
16110,10.0
6112,6.0
12180,6.0
6423,10.0
20370,6.0
21367,6.0
22154,5.0
13902,8.0
3695,7.0
9413,6.0
8929,5.0
8154,8.5
6793,8.5
12655,5.0
15379,9.0
18216,6.0
9121,7.5
21428,7.0
22584,6.0
22812,6.0
27888,6.5
28402,6.0
28053,6.0
8171,6.5
8878,7.5
28596,6.0
8982,6.0
6236,6.5
3660,7.5
21790,9.0
64,6.5
15585,6.0
28264,6.5
6898,10.0
6561,3.5
11185,6.0
22856,7.5
19408,5.0
17049,5.0
17912,10.0
19161,8.0
24633,6.0
2056,6.0
11187,5.0
25670,6.5
6182,5.0
27650,6.0
5578,7.5
3163,6.5
5313,8.0
25324,3.5
19555,3.5
21894,7.5
10548,6.0
1024,6.0
25821,6.5
25290,6.0
25579,6.0
10791,10.0
25631,6.5
13912,5.0
25368,5.0
21590,8.0
4634,6.5
18061,8.5
6998,6.0
16433,7.5
12520,6.5
23083,6.0
22802,6.0
28426,7.5
8212,8.0
626,5.0
173,6.5
16459,6.0
14866,5.0
17818,6.0
20406,5.0
9780,7.5
28559,7.5
21623,7.5
3314,6.5
12131,10.0
22208,6.5
16494,3.5
9035,5.0
12716,6.0
2052,6.0
14509,9.0
1378,8.0
26254,7.0
21925,6.0
15661,3.5
357,7.5
4105,6.5
19897,6.5
17340,5.0
3220,6.0
8228,6.5
25817,5.0
14235,7.0
5834,6.5
29132,6.0
2927,8.5
17917,6.0
12934,6.0
14888,7.5
10851,9.0
14140,10.0
23642,6.0
28597,6.0
1366,7.0
20621,10.0
24427,6.0
6840,6.5
10559,6.5
14322,10.0
13444,6.5
257,5.0
3359,7.5
6409,5.0
27787,6.0
15255,6.5
8432,10.0
15245,7.5
14638,10.0
17466,6.5
22839,10.0
1840,6.5
25500,7.5
14380,5.0
24738,6.5
2978,6.0
22067,3.5
10599,10.0
1364,7.5
26752,5.0
6554,10.0
21221,5.0
11714,6.0
2392,10.0
5849,3.5
15416,5.0
14117,3.5
4875,5.0
10727,7.5
8489,6.0
14685,6.0
15057,6.0
22196,7.5
26951,7.5
3077,6.0
28328,6.0
20195,10.0
16908,6.0
20380,7.5
28144,5.0
25062,6.0
994,0.0
12051,7.5
17576,6.0
9481,6.5
17779,8.0
21755,6.5
5917,5.0
16334,6.0
16845,5.0
28164,6.0
605,6.0
26830,6.5
9278,10.0
19426,3.5
26031,5.0
20732,10.0
21503,7.5
27255,10.0
15711,0.0
22494,6.0
16707,8.0
12632,6.0
19156,6.0
28476,6.0
11556,6.0
27188,6.0
13279,6.5
5806,6.0
24276,5.0
10613,7.5
25102,7.5
26953,3.0
26919,6.0
27058,6.5
20965,6.5
27355,7.5
25136,5.0
17610,3.0
12490,7.5
23527,6.0
6458,7.5
1242,3.5
7779,6.0
3878,5.0
556,7.5
16656,6.0
16817,7.5
29186,6.0
16901,7.5
10207,6.5
24724,6.5
4418,5.0
12637,6.5
27606,7.5
24764,5.0
20815,6.0
20099,6.0
6783,5.0
23903,8.5
4311,6.0
1345,10.0
25401,5.0
1087,6.0
5191,10.0
27185,5.0
18361,7.5
23026,7.5
6878,7.5
7829,5.0
22127,6.0
26487,6.0
3666,5.0
9284,5.0
12351,3.5
26142,6.0
23269,6.0
24630,5.0
16936,6.5
28246,10.0
10654,6.0
27292,5.0
18228,5.0
17832,5.0
9485,7.0
17009,7.5
6791,10.0
4494,7.5
20388,9.0
22876,5.0
11920,7.5
1886,10.0
28014,8.5
27531,6.0
4718,6.0
15182,6.5
10714,3.5
1322,0.0
13295,6.5
15603,5.0
1357,5.0
3067,6.0
14247,6.5
4416,7.5
3844,6.5
28326,7.5
18587,0.0
3523,6.5
15205,3.5
2640,3.5
17497,5.0
23257,7.5
12201,6.0
4147,5.0
9535,10.0
22433,6.5
15947,7.5
25060,7.0
28997,6.0
28076,6.0
25015,10.0
28428,5.0
22457,6.0
13973,5.0
27798,6.0
12793,5.0
19313,6.0
28461,6.0
26603,6.0
13328,6.5
27244,6.0
742,6.5
10214,5.0
8102,7.5
24489,3.5
14066,6.0
21418,5.0
7129,5.0
27065,6.0
28367,5.0
23695,5.0
25585,5.0
17507,7.5
27930,5.0
17517,6.0
1896,7.5
28271,10.0
4190,10.0
18669,6.5
28050,5.0
21214,9.0
20559,6.0
16296,7.5
27816,6.5
7000,6.0
10626,6.0
7953,7.0
23324,6.0
22346,6.0
18018,6.5
3777,7.5
6337,6.5
4998,6.5
16448,7.5
12515,6.0
26172,6.5
21451,10.0
24397,6.0
19396,0.0
11698,6.5
8551,6.5
27749,6.5
1762,6.5
24658,6.0
13130,6.0
28339,10.0
17688,7.5
12368,7.0
8553,6.0
28781,7.5
4415,6.5
25917,6.5
12688,5.0
11415,7.5
17377,6.0
25023,6.0
22806,6.0
28800,8.0
17578,6.0
11481,6.0
26447,6.5
9634,6.0
26306,6.0
18721,8.5
7699,6.5
6414,10.0
22275,8.5
26591,5.0
15901,5.0
27304,6.0
23173,5.0
801,8.5
24797,5.0
7778,10.0
12843,10.0
4221,7.5
11555,6.0
1957,6.0
3799,10.0
9647,10.0
109,6.0
18745,6.0
3266,8.5
28971,5.0
9394,6.0
19293,6.5
17071,5.0
25884,6.0
10109,10.0
10090,7.5
28188,6.5
16144,6.5
27737,6.0
15989,5.0
1425,6.5
23052,6.0
19494,6.5
7757,7.0
18368,10.0
25843,6.0
9164,6.0
16794,10.0
21116,7.5
7522,5.0
23778,6.0
1152,6.0
24230,7.5
28378,6.0
26211,5.0
9258,7.5
15359,10.0
26386,6.5
27753,6.5
105,6.0
19547,7.5
29019,7.5
23389,6.0
25896,5.0
4159,6.0
17440,3.5
20518,7.0
4588,7.5
20544,10.0
13413,8.5
7738,6.0
6133,6.0
17806,6.5
8726,6.0
18547,10.0
28235,6.0
3754,7.5
7481,8.0
12731,6.0
12192,7.5
1426,7.5
23663,7.5
3644,7.5
2231,7.0
5900,6.0
8895,3.5
25541,5.0
4152,8.0
15213,5.0
406,6.5
17313,6.0
5210,7.5
7261,6.0
8287,10.0
213,7.5
2306,5.0
690,6.5
8964,7.5
26757,6.5
27754,5.0
21582,6.5
27509,6.0
23205,6.0
27979,6.0
13288,7.5
27559,7.5
7388,3.5
10245,7.5
10989,7.5
7999,6.5
28662,6.5
21060,7.5
26651,6.0
25470,5.0
3910,7.5
5429,7.5
10639,3.5
26838,6.0
28934,6.5
14971,6.0
1038,10.0
25989,10.0
19322,7.5
18740,6.0
28338,8.0
27148,6.0
24859,7.5
10674,7.5
5212,6.5
5689,6.5
5353,6.0
13792,6.5
7288,6.5
20017,5.0
17161,7.5
17006,5.0
25580,6.0
8889,6.0
8068,6.0
14760,3.5
1961,6.0
6418,6.5
26501,10.0
26036,6.0
18068,6.0
15376,6.0
17359,6.0
28659,10.0
22662,5.0
12044,10.0
19704,5.0
28987,7.5
8852,10.0
2280,3.5
5944,6.5
91,3.5
11927,7.5
8808,7.5
12314,7.5
26554,6.0
23477,6.0
18868,6.5
16815,7.5
6383,7.5
17229,10.0
10743,6.5
25737,6.0
27153,7.0
20401,6.5
11776,3.5
28110,6.0
20216,3.5
14283,6.5
996,6.5
17646,6.5
12755,7.5
21473,7.5
2009,6.0
9192,6.0
13456,5.0
25829,5.0
15942,10.0
13122,10.0
3594,6.0
25072,5.0
17471,6.5
12077,7.5
1229,5.0
28849,6.5
15278,6.0
27385,5.0
9526,8.0
19366,6.0
15463,5.0
9086,5.0
16076,6.5
10399,9.0
19254,5.0
22547,6.5
10022,7.5
23729,7.5
13148,6.0
3767,6.5
25854,6.0
28944,6.5
17712,6.5
10754,6.0
5135,6.0
3868,6.5
15587,5.0
27100,7.5
28779,7.5
9560,6.5
2547,5.0
8634,5.0
27323,6.0
14745,3.5
26602,6.0
7404,7.0
27362,6.0
2051,8.0
23590,7.5
17986,5.0
21461,6.0
22994,7.5
27696,6.5
5341,5.0
11848,6.5
27437,6.0
13453,6.0
22470,6.0
10304,5.0
5807,10.0
10836,8.0
26862,6.5
22775,5.0
5170,7.5
24297,6.5
25916,10.0
22192,6.5
26301,7.5
26716,7.5
17767,7.5
21279,5.0
2357,6.5
3277,6.0
15111,3.5
16631,6.5
17656,6.0
20441,6.5
11942,6.0
26764,6.0
8501,7.5
9899,6.0
23342,7.0
2811,3.5
16338,6.5
22980,6.0
11118,3.5
1743,5.0
23255,6.0
17947,7.5
25371,6.0
4038,6.5
10204,5.0
14839,10.0
5479,6.0
1434,7.5
20452,8.0
24458,10.0
2461,7.5
21095,6.5
23158,7.5
12022,5.0
373,7.0
16758,6.0
18737,7.5
23270,6.0
436,7.5
12025,6.0
3325,6.0
28371,6.0
3195,7.0
27011,10.0
28676,6.0
5557,6.0
25240,10.0
23746,6.0
20067,3.5
23386,6.0
15252,6.0
894,8.0
28169,6.5
5065,5.0
3740,6.0
24405,6.5
10649,5.0
4744,7.5
9499,6.5
10881,6.5
14232,5.0
4775,10.0
26744,6.0
11664,10.0
1764,10.0
24914,10.0
26977,6.0
27214,7.0
7103,5.0
26264,6.0
6709,5.0
26478,3.5
19831,7.5
8821,7.5
25983,6.0
18976,6.5
21654,7.5
12315,7.5
26698,6.0
27022,5.0
11362,10.0
19959,6.5
2971,6.0
20340,7.5
26792,6.0
5928,10.0
13676,10.0
3479,10.0
26536,6.0
5302,3.5
4330,6.5
1424,6.5
28492,6.0
17246,6.0
22879,6.0
13188,5.0
7291,6.0
8371,9.0
7181,10.0
14062,6.0
8077,6.0
16283,6.0
27365,6.0
1998,7.5
7891,6.0
13797,7.5
22340,10.0
10205,5.0
26251,6.0
22345,6.5
10487,7.0
16979,8.5
15194,6.0
19205,6.0
17047,7.5
17191,7.5
13300,10.0
27636,5.0
11526,2.0
19136,6.0
6419,5.0
7328,6.0
2162,10.0
27948,6.0
7097,5.0
25891,7.5
19110,5.0
27831,5.0
17035,3.5
23017,3.5
5614,6.5
14286,6.0
25397,7.5
17594,6.0
7414,10.0
4853,7.0
10987,10.0
28310,6.5
12966,5.0
7225,3.5
7471,10.0
19541,6.0
17575,6.5
27920,7.5
6564,10.0
3081,6.0
25560,6.0
25794,10.0
11727,6.0
4148,5.0
10669,6.0
10641,5.0
10451,10.0
24259,7.0
19304,5.0
12455,6.5
12140,7.5
28168,6.0
9049,6.0
13784,6.0
27573,10.0
10611,7.5
29124,6.0
2807,0.0
12667,6.5
18989,6.5
22800,7.5
22342,6.0
10222,5.0
21542,8.0
13067,7.5
1505,6.5
6509,7.5
27156,6.0
18435,5.0
4395,6.0
7191,10.0
21439,10.0
23203,6.0
21742,7.0
23802,6.0
24946,10.0
15263,6.0
22008,3.0
8096,7.5
28432,5.0
10878,8.0
17908,7.5
15786,6.0
21970,5.0
17647,6.5
1440,8.0
24414,6.0
4507,6.0
11648,6.5
974,3.5
16923,6.0
9142,3.5
14474,10.0
12678,6.0
2363,6.5
27302,6.5
19280,6.5
10531,6.0
2843,6.0
25494,5.0
12167,6.5
27388,5.0
20135,10.0
15970,6.0
3374,6.0
22124,6.0
28847,10.0
14659,5.0
23390,6.0
24190,6.0
4153,6.0
22000,5.0
20045,6.0
576,6.0
16282,7.0
1371,6.5
1605,10.0
15477,10.0
18953,10.0
19874,7.5
15775,3.5
25487,7.5
17232,5.0
15226,7.5
26545,6.0
5934,6.0
15679,7.5
19061,7.5
24637,5.0
3992,7.5
26596,6.0
1592,10.0
21695,6.0
23758,7.5
13618,6.5
4274,6.0
22664,6.0
19473,5.0
9965,3.5
25895,6.5
17287,6.5
9252,6.5
25511,6.0
11774,6.0
10698,10.0
7629,6.0
10392,6.5
4127,6.5
7536,6.5
9134,6.0
11424,10.0
25027,7.5
26886,6.0
25834,6.5
20289,5.0
19092,6.0
17641,6.0
4077,6.0
24926,10.0
18937,7.5
9314,6.0
28959,6.0
27055,6.0
16719,5.0
16829,7.5
4015,8.5
9976,3.5
3554,7.0
268,6.0
26869,6.0
20444,6.0
1062,6.0
23046,6.0
18548,10.0
29095,7.0
16530,3.5
26747,6.0
21250,7.5
1318,5.0
27664,5.0
7262,6.0
14157,6.0
22348,7.5
4616,7.0
14921,6.0
23047,6.0
14163,3.0
26246,10.0
4928,6.0
21322,6.5
14709,9.0
20830,6.0
20540,6.0
4821,6.0
7281,7.0
20298,10.0
22170,10.0
19931,6.0
11919,3.5
24872,6.0
26670,6.0
18193,5.0
5937,6.0
5293,6.5
6641,10.0
28313,10.0
27418,7.5
1955,6.0
1506,7.0
17216,8.5
23297,5.0
2104,5.0
2257,5.0
28087,7.5
6346,10.0
23028,6.5
23920,6.0
24839,6.5
9403,6.5
25710,5.0
8526,3.5
7109,3.5
1805,6.0
375,6.0
25690,6.0
6351,10.0
22030,7.0
24819,5.0
9487,6.5
3823,10.0
3577,7.5
18511,10.0
19132,6.0
27847,5.0
4658,10.0
3272,7.0
20152,7.5
4326,7.5
28875,5.0
10899,7.5
26742,5.0
27154,6.5
10300,5.0
29207,6.0
5967,0.0
13769,6.5
10777,7.5
11831,6.0
4053,10.0
4495,6.0
19228,5.0
24164,10.0
10981,6.0
15110,6.0
22446,6.5
7117,6.5
8348,10.0
5713,8.5
28976,6.0
14290,9.0
18865,6.0
12030,5.0
28472,6.5
13468,3.5
26967,6.0
7546,6.5
17308,6.0
15038,7.5
7094,3.5
18533,5.0
24706,6.0
22718,7.5
17221,3.5
2727,7.0
206,5.0
8575,9.0
18090,7.5
26693,6.0
13340,6.0
8915,6.0
21969,6.5
4285,7.5
5513,6.0
17472,6.0
17631,6.0
6251,7.5
11794,7.5
15525,10.0
1706,8.0
29122,5.0
3144,6.0
29047,8.0
18672,10.0
24442,10.0
27758,6.0
16104,6.5
25902,6.5
20940,10.0
18864,6.0
27343,6.0
3913,6.5
15259,6.0
10826,3.5
962,6.0
8512,7.0
21412,3.5
7106,3.5
21870,6.0
23117,6.5
11699,6.0
22213,8.5
23514,5.0
12202,5.0
16176,10.0
6478,10.0
23901,8.5
8367,6.0
25508,10.0
16327,6.0
20717,7.5
24676,6.0
10190,6.0
13069,6.5
10160,6.5
8652,6.0
12537,6.0
21726,5.0
9048,7.5
1209,7.5
25229,5.0
4776,6.0
8987,9.0
13381,6.0
13957,7.5
1117,6.0
13486,5.0
23655,6.0
29185,6.5
28952,5.0
25698,5.0
5913,3.0
27968,6.0
7736,7.5
26689,6.0
20077,7.5
574,7.5
19739,5.0
54,8.0
5055,5.0
17192,3.5
20852,7.5
28540,6.0
5788,6.0
2451,3.5
6118,6.0
9269,7.5
22730,6.0
22369,6.0
24860,6.0
1423,6.0
35,10.0
17068,7.5
7685,7.5
21782,6.0
13192,6.0
6199,8.0
16366,3.5
26902,6.0
7686,7.5
17027,6.5
14319,6.5
25824,6.0
27845,10.0
802,6.0
2708,8.0
6761,0.0
9423,3.5
23044,5.0
26895,5.0
9982,6.0
29203,6.0
9227,7.0
28027,6.0
27733,6.0
28481,6.0
12425,5.0
27084,9.0
14697,7.5
28688,5.0
25818,5.0
21761,6.0
12565,6.5
8208,6.5
23842,8.0
10031,3.5
14799,5.0
17521,6.5
26730,5.0
1862,6.0
8873,7.5
12972,3.5
122,3.5
9402,6.5
8696,7.5
23310,5.0
20859,6.5
6085,6.0
344,8.0
14884,8.5
3952,8.5
6344,6.0
5094,7.5
27826,6.0
1735,8.5
8355,10.0
1841,6.0
5871,6.5
19307,7.5
23726,6.0
22895,6.5
3979,5.0
22925,3.5
7803,5.0
11792,6.5
25134,6.5
27748,6.5
24561,6.0
23718,7.0
20225,6.0
23224,5.0
14907,6.5
17491,9.0
21809,6.5
27658,7.0
10082,5.0
19458,6.5
19768,10.0
28741,6.0
20571,6.5
4468,3.0
23296,7.5
3342,6.0
2374,6.5
14693,6.5
17500,5.0
24508,3.5
25333,6.0
11863,6.0
18838,10.0
27954,7.5
22287,7.0
7397,3.5
10431,6.0
21860,10.0
20707,6.0
8156,5.0
16406,7.5
14007,6.0
12638,7.0
13,7.0
28146,7.5
18474,6.0
19980,5.0
10528,10.0
326,7.5
11871,6.0
2167,7.0
7652,7.5
28473,6.0
23076,5.0
16892,10.0
4899,10.0
19305,7.0
19364,5.0
16389,5.0
687,5.0
20361,6.0
28970,6.0
4231,6.5
22695,6.0
12032,7.5
26027,6.0
23064,10.0
14253,6.0
21625,6.0
11201,10.0
23893,7.5
25747,5.0
23632,6.0
24522,6.0
7869,7.5
300,8.0
4571,8.0
26572,7.5
23937,6.0
13001,6.0
10541,3.5
13137,7.5
8137,7.5
5130,6.0
74,5.0
15589,7.5
9000,3.0
12894,6.5
24970,5.0
3478,7.0
22821,5.0
24964,7.5
210,3.5
28406,6.0
26404,7.5
11229,6.5
4352,7.5
691,6.5
15462,5.0
12482,7.0
4640,6.0
23849,7.5
2970,7.5
25022,6.0
14836,9.0
7042,6.0
20589,5.0
17542,6.0
3376,3.5
18138,5.0
1579,7.5
15776,6.0
6947,10.0
12746,6.0
23102,6.0
19256,5.0
19448,5.0
26012,6.0
11997,8.0
13478,6.5
5957,6.5
16295,7.5
7218,6.0
14573,6.5
18304,6.0
12765,7.0
20651,3.5
23910,5.0
14923,6.0
17421,7.5
8421,6.5
26992,6.5
26284,5.0
5015,3.5
24644,6.5
22509,5.0
22676,6.0
22043,5.0
5787,7.5
13829,6.0
11445,6.5
12873,3.5
19470,6.0
27932,6.0
20151,7.5
2519,6.0
26070,6.5
26790,6.0
9912,6.5
25295,3.5
29213,5.0
24236,6.0
26113,7.5
13479,6.5
10861,6.0
8730,5.0
15505,8.0
14425,7.5
14364,7.5
11952,6.0
6040,0.0
20715,6.0
3321,5.0
23427,6.0
22667,5.0
608,7.0
8482,6.0
12356,3.5
8209,6.5
11800,7.5
6971,7.5
26065,7.5
27575,3.5
15615,7.5
9855,6.0
26840,7.5
23094,6.5
14244,6.0
1201,10.0
18081,6.5
1140,6.0
20620,6.0
1562,6.0
25482,6.0
14553,6.0
7015,6.0
21762,6.0
17969,7.0
13165,3.5
11529,5.0
12794,6.0
6886,10.0
27082,6.0
24340,6.0
27414,6.0
24555,6.0
17101,6.0
20897,6.0
15983,6.0
15105,6.0
11205,6.0
18383,5.0
12399,7.5
14611,10.0
28183,5.0
7985,6.5
10219,6.0
16838,7.0
19379,7.0
2505,7.5
12080,5.0
25832,7.5
12770,3.5
12324,7.5
20887,10.0
13782,10.0
23338,6.5
27023,5.0
7847,7.5
23839,7.5
14961,6.5
26385,6.0
26135,7.0
7844,10.0
25000,6.0
10184,6.0
1914,5.0
20095,6.5
24863,6.0
7280,8.5
15821,5.0
3794,6.0
17301,7.5
18760,6.0
9937,6.0
9063,8.0
10069,10.0
11676,7.5
655,8.0
3832,7.5
19823,7.5
21994,7.0
12141,8.5
5736,6.0
9408,7.5
5203,3.5
24221,10.0
2312,6.0
28692,5.0
17896,6.5
3613,5.0
15952,8.5
18702,6.0
12234,10.0
14588,6.5
14487,7.5
4138,6.0
23614,6.0
14927,6.0
77,6.0
27598,6.0
1580,5.0
28165,7.0
18916,3.5
17057,10.0
11536,3.5
99,6.0
10494,8.0
7831,3.5
3842,7.0
17437,6.0
617,5.0
14661,6.5
22412,7.5
10867,6.0
18240,5.0
10501,6.0
2881,6.0
4886,3.5
28112,8.0
7609,6.5
4611,6.5
11126,6.0
22788,5.0
11098,6.5
9495,6.0
17791,6.0
24425,5.0
8326,5.0
16876,5.0
14924,6.0
7396,0.0
26665,7.5
27282,6.0
21863,10.0
5669,7.5
7788,5.0
3302,8.5
15155,6.0
4072,6.0
274,6.0
24197,6.0
18272,10.0
13166,10.0
24755,6.5
13106,6.5
14570,7.5
20068,6.0
22145,5.0
4628,8.5
1508,6.0
8608,7.5
5964,5.0
6443,7.5
25247,6.0
1686,10.0
20909,10.0
6232,5.0
8675,7.5
1638,3.5
16313,7.5
24723,5.0
2260,6.5
9979,6.0
23599,6.0
7433,6.0
24202,7.0
4889,5.0
9053,3.5
14097,6.5
12432,6.0
15515,7.5
19584,5.0
2484,7.5
10726,6.0
22624,7.5
25248,6.0
17361,5.0
18378,6.0
11083,5.0
25112,6.0
23753,6.0
16293,7.0
22559,7.5
2288,7.5
16818,7.5
9331,7.0
3070,8.0
19856,6.5
16377,6.0
13435,3.5
1008,6.0
24824,5.0
4964,10.0
21811,7.5
26119,6.0
4282,8.5
13649,10.0
409,5.0
5366,5.0
182,6.0
12073,7.0
13675,6.0
28768,6.5
19977,6.0
15329,7.5
5121,7.5
28637,6.0
19209,8.5
273,6.5
8448,6.0
8880,6.5
21584,6.0
11175,6.5
7137,10.0
12007,7.5
25106,6.0
19347,10.0
26776,5.0
22587,6.5
4996,5.0
9212,9.0
29184,5.0
23915,6.5
4471,7.5
18995,6.0
26631,7.5
2271,6.0
27807,6.0
6134,6.5
21129,6.0
8499,6.0
14529,5.0
29168,7.5
3614,5.0
28631,6.0
6114,7.5
24075,7.5
8905,6.0
22035,5.0
14343,5.0
23398,8.5
27700,7.0
2423,6.0
21769,6.5
8999,10.0
19348,3.5
5953,6.0
2359,6.0
7666,6.0
27986,6.0
15613,6.0
9971,7.5
14231,10.0
1847,6.5
2861,6.0
22958,6.0
17351,5.0
4239,10.0
6405,8.0
12666,6.0
13299,10.0
2904,6.5
3672,5.0
28951,6.0
10174,6.0
22136,6.0
11121,6.0
6248,7.0
15940,5.0
28619,6.5
2106,6.0
22868,5.0
25853,6.0
13574,6.5
9068,7.0
24531,7.5
13846,3.5
5525,8.0
9800,3.5
7264,6.0
4519,6.0
12660,6.0
5447,6.0
19858,6.5
25577,7.0
21342,5.0
9540,7.0
15680,7.5
13735,6.0
8399,5.0
17022,7.5
10607,6.0
20351,5.0
28312,6.5
19518,7.5
25610,6.0
24203,6.0
27570,6.0
272,6.0
26161,8.5
18693,3.5
19076,6.0
8001,6.0
23787,6.5
12675,5.0
2532,6.5
28870,6.0
21329,5.0
29208,6.5
13656,6.0
3688,6.0
23194,8.0
10923,7.5
7483,6.0
3066,3.5
28984,6.5
28184,5.0
20499,7.5
5592,6.5
21577,6.0
23627,5.0
9478,3.5
16617,3.5
27512,7.5
28435,5.0
18397,5.0
25548,6.0
24981,6.0
6119,0.0
26836,6.0
10566,7.5
16388,6.5
17408,3.5
8786,7.5
4371,6.5
14965,6.0
26035,5.0
7438,6.0
4752,6.0
21543,3.5
25993,6.0
15546,3.5
19147,6.0
5742,7.5
29176,6.5
27780,6.0
14582,3.5
19033,7.5
22700,6.0
19573,6.0
12268,6.5
19020,7.5
12256,7.5
2300,6.0
226,8.0
12189,6.0
25718,6.0
15080,7.5
21334,6.0
13771,6.5
21572,3.5
11932,5.0
21911,6.0
18701,6.0
8199,6.5
21913,6.5
4129,10.0
25416,6.0
12200,6.0
899,7.5
10004,6.0
23258,7.5
3678,6.0
10585,9.0
9733,7.0
3493,6.0
10595,5.0
8866,6.5
15340,3.5
28041,6.0
6781,8.0
25869,6.0
4107,6.0
5365,7.5
20848,6.0
8135,6.0
26097,5.0
28054,6.0
24928,7.5
20222,6.5
21467,7.0
17204,7.5
12881,6.0
230,6.0
22947,7.5
28981,6.0
17342,6.0
1995,8.0
11428,7.5
14412,6.0
25334,5.0
26074,6.5
4197,6.0
1188,0.0
3956,6.5
15104,8.0
53,10.0
7123,5.0
7256,3.5
23671,5.0
23788,6.0
21249,7.5
7421,3.5
27838,5.0
2416,6.0
2845,7.5
6209,7.5
23,7.5
2860,7.5
22647,6.5
25076,5.0
13360,5.0
25901,7.0
10475,6.0
5235,3.5
19948,7.0
7620,3.5
14605,10.0
19548,6.5
28323,6.0
19686,6.0
1775,6.0
27216,6.0
11302,3.5
19262,5.0
29170,7.5
25253,7.5
19009,6.5
8417,5.0
22214,3.5
26158,5.0
12139,6.0
17503,5.0
13324,6.0
21182,6.5
7166,7.0
12378,6.5
2542,3.5
26985,5.0
17957,6.0
4742,8.5
8919,5.0
11072,10.0
7703,7.5
25392,6.0
15586,3.5
2435,7.5
15750,5.0
13754,7.5
23065,6.5
4787,7.5
24302,5.0
18300,7.5
24204,6.0
8475,5.0
16151,6.5
28344,10.0
29029,6.0
27574,3.5
27142,9.0
15366,10.0
2878,7.0
21196,6.5
8426,10.0
5767,6.5
11504,7.5
22380,6.5
9299,6.0
24595,6.0
23035,6.0
26360,6.0
22502,7.0
10239,8.5
28363,6.0
5352,6.0
20990,6.0
8924,3.5
1623,7.0
10049,3.5
27795,6.0
24437,6.0
2597,7.5
18498,7.5
26047,10.0
22003,6.5
4339,6.5
7922,7.0
27746,5.0
12917,5.0
28833,6.5
8594,5.0
21785,5.0
28485,6.5
25666,5.0
9822,9.0
7892,6.0
2380,10.0
29058,6.0
21980,6.0
22076,7.0
24803,7.0
14165,5.0
7119,6.0
142,6.0
14973,6.5
17742,6.0
24974,7.5
1205,5.0
9361,6.5
2317,10.0
3807,6.5
25037,5.0
16072,6.5
10172,7.0
27204,7.0
19641,7.5
3654,6.5
24984,6.0
28595,6.0
19888,6.0
6571,10.0
20094,7.5
5704,7.5
3457,10.0
5661,7.5
14142,7.0
22117,7.5
18773,3.5
25272,10.0
14571,6.0
28479,6.0
20739,10.0
18411,5.0
27177,6.0
9459,6.0
4305,9.0
16493,6.5
5328,6.0
15832,6.0
16561,8.5
14711,10.0
26080,6.0
8229,10.0
28157,6.0
13599,10.0
9611,6.0
28844,6.0
13136,10.0
11483,6.5
27357,6.5
21066,10.0
15343,6.5
28629,5.0
14812,6.0
3808,6.0
10293,6.0
2216,6.0
13751,6.5
12787,7.5
28646,5.0
3566,5.0
25603,6.5
8009,6.0
2848,6.0
26675,7.0
23623,6.0
11805,5.0
15130,3.5
13302,6.0
5567,6.0
17590,6.5
14383,5.0
16954,6.0
22931,5.0
11054,6.0
29013,7.0
12737,6.0
9505,7.5
8676,7.5
25695,6.0
4782,6.0
4806,6.0
10866,5.0
26787,6.0
28227,7.5
26078,6.0
652,7.0
23864,6.0
23355,7.0
26206,10.0
20730,3.5
13858,7.0
24696,6.0
21844,6.0
22257,7.0
17793,5.0
15171,7.5
22203,6.5
25908,6.0
23109,5.0
12047,5.0
27871,6.0
22998,6.0
23576,7.0
12774,6.0
26461,5.0
11391,5.0
7538,5.0
19119,6.5
15377,5.0
14382,5.0
7901,6.5
14087,6.5
437,8.5
13857,7.0
112,7.0
19265,7.5
24409,6.5
16006,6.0
12076,6.0
27653,5.0
21939,10.0
20514,6.0
17420,7.0
7009,6.0
10151,6.5
2821,7.0
15597,5.0
1795,7.0
8019,7.5
16651,6.5
24460,6.0
9566,5.0
11071,7.5
566,7.5
465,5.0
3572,6.5
27998,6.5
11891,7.0
23447,6.0
14224,3.5
11936,10.0
12600,6.5
22753,7.5
4625,6.0
5666,6.0
5138,7.5
6819,10.0
19188,7.5
28081,6.5
23869,5.0
15811,6.0
10725,7.0
11760,3.5
25177,7.5
14114,5.0
3739,6.5
20787,6.5
178,7.5
27118,6.0
6120,0.0
17928,3.5
16948,6.0
25038,6.0
9322,7.0
19015,10.0
15016,6.0
2866,7.5
11544,10.0
16462,7.5
19405,6.0
6498,3.5
11736,3.5
27207,6.0
18794,5.0
13756,6.0
22781,7.5
286,6.5
9324,8.5
27056,6.0
23799,6.0
19730,6.5
8639,7.5
10760,6.5
2077,6.5
26798,5.0
18612,6.0
9703,6.0
23721,5.0
7016,5.0
20741,6.5
23298,10.0
2113,6.0
12161,3.5
24731,6.0
13263,7.5
16632,6.5
16531,5.0
7637,7.5
12569,7.5
5283,6.5
21596,7.5
16630,6.5
26443,5.0
20417,7.5
5822,7.5
22449,6.0
5216,6.0
21224,6.5
27874,7.5
20303,6.0
27116,6.5
3881,6.0
14500,7.5
28539,5.0
5120,8.0
1334,5.0
16154,6.5
9662,6.0
9089,10.0
16040,6.0
12204,6.5
22943,6.0
3012,3.5
24971,5.0
24710,3.5
7772,5.0
23167,8.5
1255,6.0
25880,6.5
3765,6.0
20497,10.0
22452,7.5
17819,6.0
19421,10.0
22975,7.5
22803,7.5
21118,10.0
25349,6.5
11561,9.0
2527,7.5
24417,10.0
25974,6.0
19911,6.0
12702,6.0
18863,6.0
2608,5.0
1959,6.0
23510,6.0
28495,5.0
23030,10.0
5650,6.0
7189,8.0
26531,10.0
2960,3.5
21682,6.0
26152,5.0
7470,10.0
6210,6.0
3193,6.0
28790,6.0
8257,7.0
29043,5.0
6787,3.5
10565,6.0
207,6.0
26450,6.0
7774,7.5
8697,7.5
19117,7.5
17670,5.0
10630,5.0
4070,7.5
10838,5.0
15218,6.0
19041,7.0
21576,6.0
20907,6.0
7873,3.5
22567,7.0
28778,7.5
16873,8.5
23595,6.0
8273,6.0
13064,6.5
3668,7.5
15937,7.0
15584,8.0
25073,5.0
22838,6.5
24957,5.0
27171,7.0
28048,5.0
19849,10.0
8079,7.0
23861,6.0
761,8.0
28262,5.0
15251,6.0
14955,6.0
17277,3.5
1620,8.5
17457,7.5
8912,7.5
7946,8.5
14501,7.5
4007,6.0
16403,3.5
13628,7.0
26003,5.0
5840,6.0
6663,10.0
8940,6.0
22023,7.5
2401,10.0
11852,6.0
16549,3.0
23156,6.0
5504,6.5
22883,6.5
1960,6.5
8913,7.5
21947,6.5
1317,6.0
26966,6.0
2337,6.0
20157,6.5
764,8.0
11726,7.0
16546,7.5
9426,6.0
7297,7.5
12061,7.5
18718,5.0
27747,6.0
16329,5.0
2610,7.0
11644,6.5
7074,10.0
16846,7.5
24862,6.0
3224,6.0
12339,6.5
5204,3.5
11593,6.0
353,6.5
19707,5.0
15796,6.5
19844,7.0
10457,6.0
21822,6.0
5347,3.5
7995,8.5
3702,7.0
27474,8.0
20636,7.5
10514,8.0
22038,6.0
18137,6.5
23080,6.0
20666,6.0
5581,7.5
21497,6.5
17932,6.5
20837,6.5
4039,6.0
11860,6.0
21212,5.0
19598,10.0
26464,6.0
7773,7.5
21602,6.5
12899,7.5
15553,9.0
26102,7.5
13613,5.0
27159,5.0
4375,6.0
2744,5.0
23899,0.0
9932,7.0
22997,6.5
26509,10.0
18959,6.5
14914,6.0
11507,6.5
28657,10.0
10818,10.0
8626,6.0
15031,3.5
19550,7.5
23004,7.5
21213,5.0
24114,5.0
19758,5.0
24697,6.0
10424,6.5
2224,9.0
588,6.0
7864,3.5
22032,6.0
1581,6.0
21803,5.0
1945,7.5
23016,7.5
28324,5.0
25473,6.0
28716,7.5
29079,6.0
18462,6.0
9298,5.0
26058,7.0
12562,6.5
21138,3.5
7904,8.0
25127,6.0
2929,5.0
4421,6.0
5282,7.5
19440,6.5
3084,6.0
24925,3.0
8961,6.5
8698,6.5
1850,3.5
6694,5.0
11449,6.0
7799,6.5
6721,6.0
2705,6.5
5643,7.5
4033,3.5
8892,6.0
1540,7.5
10806,6.5
12509,6.0
8420,5.0
18689,5.0
27705,7.0
16733,7.5
17326,6.5
20338,6.5
19123,10.0
16982,6.0
3524,6.5
984,6.0
19910,7.5
9778,10.0
17974,7.5
25694,6.0
16174,5.0
9021,6.5
10358,6.0
14037,3.5
11114,5.0
24108,7.5
15806,3.5
19204,6.0
6832,6.0
12483,5.0
3173,6.0
1228,5.0
9349,5.0
5856,6.0
26907,6.5
4125,7.5
21083,5.0
24605,6.5
18179,6.0
25395,5.0
2662,10.0
25967,5.0
25963,7.5
23225,7.5
28281,6.0
17781,7.5
2879,6.0
14414,6.5
12691,6.5
24537,6.0
23192,10.0
17267,6.0
9827,7.5
17081,6.0
4145,7.5
15990,10.0
10143,3.5
14018,6.5
11527,2.0
3129,10.0
979,10.0
21407,6.5
5342,5.0
26927,6.0
19709,7.5
8531,6.0
14676,6.0
4529,7.5
27412,6.0
3405,6.5
27166,6.5
10935,6.0
27321,7.5
28804,5.0
9839,6.0
7434,8.5
6706,10.0
8289,6.5
27080,6.0
4512,6.5
27959,10.0
6341,8.5
24688,7.0
13887,3.5
27644,6.0
2965,10.0
27406,10.0
16662,6.5
12591,8.0
14867,3.5
12205,7.5
570,6.0
1641,7.5
17141,10.0
29158,5.0
5252,3.5
23060,5.0
7569,7.5
20858,6.0
9176,6.5
23166,5.0
6230,10.0
832,6.0
25067,6.0
14182,7.5
3896,5.0
10892,10.0
21501,6.5
21026,6.0
19281,6.5
1054,6.0
4211,9.0
3105,6.0
17037,6.0
9569,6.0
27621,6.5
15906,6.0
17459,6.0
18372,6.0
4710,5.0
6934,5.0
1172,6.5
21394,6.5
15588,7.5
18200,7.0
24813,7.5
16416,6.0
28159,9.0
6343,5.0
24575,5.0
3587,3.5
25185,6.0
14511,5.0
5923,6.5
23288,7.5
4587,3.5
27515,6.5
24938,5.0
13620,6.5
2,5.0
15396,3.5
5125,5.0
18310,6.5
21507,7.5
3007,10.0
841,6.0
23056,6.0
6734,6.0
14772,6.5
27670,5.0
599,8.0
18948,3.5
17982,7.5
28294,6.5
11751,6.0
4485,3.5
22500,6.0
21234,6.5
26107,6.0
9587,6.0
27822,5.0
3240,7.0
27352,6.0
9917,5.0
3452,10.0
10589,5.0
6798,7.0
25914,10.0
17985,10.0
12693,7.5
25909,6.5
3737,5.0
17895,6.5
19023,7.5
6544,5.0
14098,10.0
5243,7.5
19433,6.0
2444,5.0
12170,6.5
17482,5.0
12325,5.0
9511,3.5
27543,7.5
14213,5.0
9844,6.0
17224,3.5
20386,3.5
12723,5.0
11249,5.0
5574,6.0
26061,5.0
27882,5.0
2655,6.0
2701,3.5
10790,6.5
7043,7.5
885,5.0
11102,9.0
29009,6.0
14447,3.5
9853,8.5
425,5.0
609,6.5
25405,7.0
23379,6.0
14413,7.5
15265,6.5
28290,6.0
13451,5.0
7510,7.5
6905,10.0
5406,7.0
9863,6.0
3658,7.0
23171,6.5
27883,6.5
19546,6.0
23455,6.5
19235,6.5
24737,6.0
23361,10.0
27247,6.0
27514,6.0
4692,6.5
12993,6.0
25497,7.5
27699,5.0
9517,8.0
27173,6.0
1719,6.0
21136,7.5
10100,6.0
14776,5.0
23980,5.0
18150,5.0
1110,7.5
29024,7.5
22017,6.0
8619,3.5
9313,7.5
27368,6.0
26510,10.0
17379,5.0
6520,7.5
1996,6.0
5800,3.5
12488,6.0
380,6.0
587,7.5
20130,5.0
25644,8.5
20854,7.5
1544,6.5
2844,5.0
9256,6.5
14059,7.5
10646,6.5
20657,6.0
7206,6.0
17386,7.5
11286,7.5
5561,6.0
17562,5.0
14542,6.5
7813,5.0
26347,9.0
16165,6.5
8579,6.5
5082,6.0
10410,6.0
6407,6.0
21108,7.5
26354,5.0
3370,3.5
22538,6.0
21641,3.5
8087,6.0
1632,7.0
28789,6.5
21051,6.0
20928,6.0
16269,6.0
21354,5.0
6235,10.0
15342,7.0
28832,7.0
14073,7.0
28858,5.0
22845,6.0
2065,8.5
1539,7.5
6795,7.5
15831,6.5
25503,5.0
9189,5.0
1153,6.5
25605,6.0
15778,6.5
9161,6.0
21093,10.0
23553,6.0
4667,6.5
4961,5.0
3107,6.5
8638,6.5
1004,3.5
10829,3.5
4412,7.5
25907,7.5
13227,7.5
18146,6.0
13813,3.5
18807,6.5
11025,5.0
22451,7.5
19155,6.0
27373,6.5
18710,7.5
14954,6.0
25627,6.5
24805,6.0
22089,6.5
29049,5.0
2847,7.5
16877,7.5
22010,7.0
16861,6.5
591,6.0
16712,5.0
18149,3.5
9763,7.5
2172,10.0
709,8.0
25847,6.0
13548,10.0
15087,10.0
7800,6.0
21294,5.0
7547,7.5
6581,10.0
24638,7.5
9024,6.0
10887,7.5
17208,6.0
25400,3.5
25701,6.0
28369,6.0
2746,5.0
19144,7.5
960,10.0
4113,3.5
23245,5.0
23908,8.0
26823,6.0
17200,3.5
7010,7.0
1980,6.0
25801,5.0
12335,6.0
23816,5.0
26261,6.5
4174,7.0
15371,7.5
16452,6.5
29222,7.5
1548,6.0
18097,6.0
21085,6.5
4582,3.5
8468,6.5
26824,6.5
26562,6.0
20964,6.5
21689,6.0
26079,6.5
3940,6.5
23350,6.0
17848,10.0
27997,6.5
10078,10.0
28072,6.0
25733,6.0
26270,6.0
24918,6.0
28814,5.0
24129,6.0
27342,6.0
17961,7.5
23643,6.0
5246,7.5
14780,6.5
26893,7.0
13326,10.0
11307,6.0
12343,6.5
28666,5.0
16854,8.5
20817,7.5
4755,8.0
24811,6.5
21292,6.0
12261,10.0
21905,10.0
14089,3.5
3964,7.5
24615,6.0
14179,6.0
26427,6.0
18648,6.0
7903,6.0
799,6.5
18447,5.0
9151,10.0
5938,6.0
23589,7.5
9251,10.0
22558,6.0
1912,10.0
26493,3.5
951,7.0
15244,6.5
2766,6.0
18348,6.0
5637,6.0
26925,7.5
27945,5.0
9257,10.0
10554,6.0
17297,3.5
3355,3.5
17033,10.0
20329,10.0
7655,7.5
10461,6.0
14762,7.5
16061,5.0
13643,7.5
21020,5.0
23236,6.0
11073,3.5
5337,6.0
25205,6.5
9694,5.0
15413,6.5
4067,6.0
18535,6.5
26335,6.0
21729,5.0
8336,10.0
13993,0.0
3017,9.0
12661,6.5
22957,6.0
16470,6.5
12279,6.0
13471,6.5
644,7.5
4780,6.0
22990,6.5
15672,7.5
28287,6.0
23523,10.0
13280,6.5
28429,6.5
8033,6.0
20941,10.0
6150,6.5
1402,5.0
11306,6.0
15645,5.0
11770,3.5
2038,3.5
24566,5.0
3514,6.0
8314,10.0
22961,6.0
9119,6.0
11511,6.0
4260,6.0
3830,5.0
10253,10.0
28232,7.0
15614,10.0
21485,6.5
23038,6.5
17925,5.0
18156,6.5
12079,5.0
781,8.0
12686,7.5
5197,10.0
12177,10.0
26949,5.0
24677,6.0
28412,7.5
3925,6.0
21100,6.0
8255,6.0
9686,7.5
25193,5.0
26957,10.0
28499,6.5
14741,10.0
27290,6.0
21459,6.0
20055,6.0
12906,7.5
8772,6.0
23770,3.5
3928,6.0
2470,5.0
4817,7.5
27695,6.0
789,3.5
8469,6.0
24639,6.0
9714,10.0
19774,6.5
4230,5.0
6583,6.0
7002,6.5
22116,7.0
25590,6.5
13344,7.5
26976,6.5
16286,7.5
20927,6.5
27337,6.0
15243,3.5
8941,5.0
7787,10.0
28926,6.0
8727,6.5
28719,6.5
7941,0.0
5426,6.5
26318,6.5
13426,6.5
4453,10.0
9483,3.5
20549,6.5
11370,3.5
25443,6.0
26885,6.0
21727,6.0
14806,10.0
22018,5.0
16178,5.0
7554,6.0
23672,7.0
4798,5.0
160,7.5
20511,6.0
2049,6.0
23359,7.5
11683,7.5
16373,6.5
19115,6.0
6563,10.0
28576,6.0
6425,7.5
23968,6.5
15378,6.0
15381,6.5
24602,5.0
23343,7.5
5387,6.0
3748,5.0
22223,6.0
27715,6.0
13868,6.5
2426,0.0
19120,6.5
20407,6.5
13365,6.0
28541,6.5
11617,7.5
7866,7.5
16125,6.0
16182,3.5
8351,5.0
4021,6.0
19920,6.0
9156,6.5
13094,9.0
24061,6.0
23895,6.0
25009,6.0
7592,6.5
6488,6.0
6117,5.0
19998,10.0
1442,5.0
4642,7.5
27344,5.0
7198,5.0
20590,5.0
911,6.5
15403,5.0
10706,7.5
26715,6.0
25688,6.5
15966,6.5
24752,6.0
22586,6.0
23320,6.5
25010,6.5
16067,3.5
24342,7.5
13387,6.5
20488,10.0
18223,6.0
20210,6.0
27905,5.0
5127,5.0
11742,7.0
23168,6.0
3985,6.0
20223,10.0
15526,5.0
11601,6.0
22263,6.0
5132,6.0
16698,6.0
410,10.0
18275,6.0
6897,9.0
16570,8.5
7111,3.5
27447,7.5
23631,3.5
656,10.0
27736,6.0
17546,6.0
15268,7.0
5074,6.0
18425,7.0
23346,6.0
6834,6.0
15073,7.5
25840,6.0
25601,5.0
18281,5.0
21827,10.0
25350,3.5
25260,6.0
5749,8.0
5697,8.0
22837,5.0
17257,5.0
5033,6.5
15443,6.0
3305,6.0
16966,6.5
18716,5.0
24775,3.5
15664,10.0
14619,7.5
28829,6.0
24673,6.0
16471,6.5
1435,10.0
24702,6.5
6372,3.5
3750,8.0
23289,6.0
22930,10.0
11149,7.5
1267,6.5
10452,6.0
8581,6.0
28357,10.0
8591,7.0
21547,7.5
7199,5.0
14698,7.5
17933,10.0
10075,6.0
4037,6.5
14323,7.5
1436,10.0
11123,10.0
8410,6.5
14846,6.5
11656,7.5
3779,3.5
19662,6.0
10789,10.0
22668,6.0
24152,6.0
28198,6.0
14707,6.0
6695,8.5
23741,6.0
27061,7.5
16836,6.0
26540,6.0
26786,6.0
394,10.0
13131,6.0
5924,3.5
24869,5.0
12430,7.5
19397,6.5
29055,6.5
16216,3.5
18389,6.5
15483,6.5
22894,6.0
12419,6.5
13287,7.5
24664,6.0
26617,5.0
26887,10.0
20174,5.0
6703,8.0
9286,7.5
27486,6.0
16363,7.5
10911,5.0
6413,10.0
552,6.5
20720,6.0
15384,3.5
28449,10.0
9367,6.0
2086,6.5
153,7.5
21661,7.5
20753,6.0
17409,6.5
29018,7.5
7139,5.0
5165,8.0
27931,5.0
23669,6.5
2259,7.5
26915,6.0
14941,5.0
12326,3.5
26401,6.0
24823,5.0
21989,5.0
6927,10.0
10420,6.5
28348,6.0
12931,5.0
18255,0.0
28967,6.0
5071,6.0
7537,8.0
15813,6.0
1301,7.0
14550,6.0
561,10.0
14104,10.0
20088,3.5
25849,6.0
19745,7.5
12016,5.0
1389,7.5
20947,6.0
14206,5.0
19070,6.0
26884,5.0
21019,6.0
15930,7.5
25802,5.0
24977,6.0
3724,0.0
3875,6.5
12148,5.0
1042,5.0
6436,6.0
3470,10.0
27694,6.0
21283,7.5
23916,6.5
4682,5.0
3722,5.0
26077,5.0
14280,9.0
8451,3.5
11423,6.0
17991,10.0
23515,5.0
11014,3.5
19006,10.0
27837,5.0
7961,3.5
43,6.0
8684,5.0
12669,6.0
25761,6.5
5792,6.0
28613,6.0
26416,6.0
23673,5.0
5469,10.0
28949,5.0
13386,6.5
28607,6.0
13770,6.5
14688,6.5
23139,5.0
10972,6.0
18147,5.0
19717,6.0
27243,6.0
14541,5.0
16805,6.5
14369,6.0
27395,5.0
7519,6.5
11623,6.0
5870,6.0
15153,6.0
20792,10.0
7285,6.0
11234,10.0
2341,6.0
25696,6.5
15955,6.0
12436,3.5
11013,3.5
24939,5.0
11506,7.5
25542,6.5
24822,10.0
24169,5.0
1231,5.0
13791,8.5
28909,7.5
6271,10.0
23801,3.5
17621,6.0
6818,10.0
6559,6.0
20331,3.5
10638,7.5
2956,5.0
27625,7.5
15392,6.5
14273,3.5
15363,6.0
16505,5.0
26685,5.0
8210,7.5
7182,10.0
13159,6.0
24985,5.0
20070,8.0
21751,6.5
19084,6.0
24501,6.0
4699,10.0
17907,7.5
12235,6.0
24978,7.5
27390,6.0
784,10.0
19476,6.5
7627,8.0
11336,6.0
16199,9.0
10323,3.5
26459,6.5
4661,6.0
23905,6.0
26805,6.0
21633,6.0
6762,0.0
27019,5.0
16028,6.5
17423,6.0
20526,8.0
5698,7.5
2690,5.0
21770,5.0
26606,8.0
324,7.5
24814,7.5
9854,6.5
19393,6.0
25855,6.5
5879,6.0
10837,7.5
23092,6.5
1233,6.5
2853,3.5
22790,3.5
6332,8.0
27203,6.0
2941,3.5
461,6.5
14358,6.5
12181,6.0
25864,10.0
6552,6.0
19007,6.0
27326,5.0
7173,7.0
24747,10.0
8845,5.0
16398,6.5
16428,5.0
16559,5.0
11868,6.0
9307,10.0
25233,5.0
2479,6.0
27624,6.0
21917,5.0
8693,3.5
16957,6.0
2598,7.5
22303,5.0
27940,6.0
5973,6.5
14374,6.0
14694,6.5
14191,10.0
26791,5.0
22601,7.5
8445,6.0
10249,6.0
23513,7.5
2100,10.0
24785,6.0
4568,8.5
11418,10.0
24269,6.0
16781,7.5
19876,6.5
812,6.0
19973,6.0
29002,6.5
10530,10.0
6901,6.5
3046,7.0
27259,10.0
9807,6.0
12985,8.5
27885,5.0
28390,6.5
3385,6.0
18980,6.0
9400,5.0
18651,6.0
10510,10.0
20914,6.0
17321,7.5
2179,6.0
11684,6.0
1769,8.0
2272,6.0
17265,6.0
912,6.5
8065,3.5
15676,5.0
20688,7.5
24271,6.0
19321,5.0
20534,10.0
14061,7.5
9914,7.5
9323,10.0
20271,9.0
2962,6.0
9033,10.0
27138,7.5
1230,5.0
9293,7.5
12437,3.5
16558,5.0
14687,6.0
3510,5.0
23215,6.5
1276,6.0
6633,6.0
27298,6.0
28163,10.0
22514,7.5
2338,5.0
11466,10.0
2603,10.0
14074,6.0
2551,6.0
21372,6.5
13851,5.0
9814,3.5
10597,8.0
26822,6.0
6267,6.0
4309,6.5
18658,7.0
24698,7.0
11158,5.0
10259,6.0
5471,5.0
14125,5.0
17674,7.5
10107,6.5
11442,10.0
28085,6.0
23694,6.0
8272,6.0
19373,7.5
21210,10.0
24111,6.0
22760,3.5
15968,7.5
1136,6.5
9368,6.0
363,7.5
25771,6.0
1380,7.0
19726,6.0
892,6.0
21539,6.0
10142,5.0
21165,6.0
20744,6.0
23233,6.0
16648,6.5
15264,3.5
9242,6.5
4240,6.5
19556,5.0
8614,5.0
21990,6.0
25355,6.0
9772,6.0
19929,5.0
3615,8.5
15785,3.5
27536,6.0
24794,6.0
536,8.0
6049,10.0
15459,6.5
6558,7.5
23881,7.5
26633,3.5
21789,7.5
22179,7.5
6408,5.0
4086,6.0
861,6.0
16680,6.5
603,7.0
5141,7.0
8789,3.5
22407,7.5
11284,7.5
4111,5.0
27454,3.5
14522,5.0
18220,6.0
2517,6.0
9903,6.0
19182,10.0
1489,6.0
22824,7.5
7991,3.5
24913,6.0
13057,6.0
10062,6.0
12380,6.0
539,6.0
24568,6.0
9752,10.0
13879,6.0
19570,6.0
17766,7.5
6746,6.0
26448,10.0
15488,6.0
22979,7.5
14342,6.0
22589,3.0
21154,10.0
5250,6.5
18059,10.0
9476,7.5
18187,6.5
9661,6.0
25234,5.0
17237,7.5
21930,6.0
27117,9.0
24604,5.0
28918,7.5
28077,7.0
27851,6.0
24969,5.0
2466,5.0
8716,6.0
18003,7.5
5786,3.5
6014,6.0
27726,6.0
22733,6.0
1431,6.5
28734,7.5
1498,7.0
18269,6.0
14521,5.0
18244,5.0
4393,7.5
18551,7.5
15197,7.5
15834,3.5
21597,6.0
2220,7.5
27038,6.0
3701,6.5
18353,6.0
14009,6.0
8598,6.0
5677,7.0
8261,10.0
3031,6.0
4856,5.0
6080,7.5
29072,10.0
27128,6.5
19450,6.0
15032,0.0
15428,6.0
16227,6.0
24229,6.5
17883,6.5
3798,7.5
19083,6.0
12728,5.0
20191,6.0
10506,7.5
505,6.0
28860,5.0
8017,8.5
8238,10.0
6796,3.5
8280,6.0
12245,10.0
24,10.0
27803,7.0
5431,7.5
26307,6.0
1640,7.5
12367,5.0
2657,6.0
7553,6.5
28925,6.0
6239,10.0
22002,7.5
20141,7.5
5814,6.0
28306,6.0
9819,7.5
7093,3.5
14559,7.0
9893,8.5
28591,8.0
13311,6.0
25860,5.0
21097,7.5
9310,10.0
6557,3.5
8345,5.0
4065,6.0
9818,6.0
2917,6.0
18005,6.5
11311,6.5
2206,7.0
4005,6.0
26783,3.5
6432,6.5
2863,7.5
4030,6.5
13788,5.0
3311,3.5
2988,7.5
23870,6.0
22447,3.5
429,7.5
11532,6.5
27397,6.5
23526,6.0
28140,10.0
14379,5.0
27026,6.0
12647,7.5
19847,10.0
26814,6.0
24462,6.0
9563,10.0
18924,5.0
12309,3.5
28923,6.5
1938,6.0
2928,6.0
11793,6.5
4993,3.5
10778,5.0
20038,6.0
16842,10.0
6580,6.5
19509,3.5
3684,5.0
9817,6.0
26165,6.0
5579,7.5
8194,7.5
23145,3.5
17488,6.5
7591,10.0
20117,7.5
22052,6.0
14017,6.0
12662,6.0
27299,6.0
6499,7.0
1288,0.0
25377,7.0
22463,6.0
22123,6.0
20282,6.5
2692,3.5
7100,6.5
26278,6.5
6303,6.0
18930,7.5
16777,0.0
2712,8.5
21487,7.5
27346,5.0
16893,6.0
20782,6.0
22020,6.5
14429,10.0
3164,6.5
18650,5.0
21495,6.0
12526,6.0
18529,10.0
24594,6.0
15000,6.5
16017,6.0
17539,5.0
11305,6.0
20049,6.5
28907,5.0
5715,8.0
21760,6.0
25017,5.0
6247,7.5
29112,6.0
5061,6.0
21845,6.5
1182,10.0
4715,9.0
22307,6.0
6008,5.0
19130,6.0
21489,6.0
11273,6.5
13511,3.5
7558,3.5
11067,6.0
4182,7.5
12429,7.5
4739,5.0
2600,0.0
9897,6.0
2425,0.0
22400,6.0
3502,6.0
17909,6.5
9583,7.5
6461,6.0
20652,6.0
16478,10.0
22656,7.0
4962,6.0
9137,6.0
17824,6.0
9222,10.0
16697,6.0
19988,5.0
28955,6.5
783,3.5
3854,6.0
27708,6.0
19668,3.5
1928,7.0
16391,7.5
21031,6.0
22707,6.0
21171,7.5
24593,7.5
26332,6.0
8654,5.0
111,6.5
10817,10.0
16188,10.0
8185,3.5
13590,6.0
23879,6.0
21817,6.5
21795,7.5
6974,6.0
19492,6.0
12810,6.0
21084,7.5
24885,5.0
13043,7.5
1702,5.0
14186,6.5
28881,6.0
21717,3.5
22836,5.0
25296,6.0
23924,10.0
23724,6.0
22191,10.0
13190,7.5
26139,6.0
1664,6.0
9536,6.0
18160,10.0
15608,7.5
14110,7.5
19185,6.5
24709,3.5
24207,6.0
2731,6.5
26916,5.0
20348,7.0
6881,6.0
24584,6.0
24601,10.0
25288,6.0
19683,6.0
13210,7.5
21098,6.0
6214,6.0
4473,7.0
14721,5.0
1137,7.0
14856,7.5
26611,5.0
26843,6.5
18966,6.0
11708,6.0
19418,6.5
26050,6.0
28837,7.5
14792,7.5
13068,5.0
6607,10.0
24490,6.0
18405,7.5
26956,7.0
23221,6.0
8993,7.5
2173,10.0
26441,6.0
21598,5.0
8586,3.5
16063,5.0
17687,7.5
2046,6.0
14102,6.0
13335,7.5
18541,6.0
952,7.0
18173,6.5
9699,6.0
16137,6.0
15019,7.5
25998,6.5
19400,6.0
17846,6.0
19488,7.5
992,3.5
8388,6.5
145,6.0
10615,6.0
1090,5.0
5824,6.0
26420,10.0
18066,6.5
18076,7.5
431,10.0
5642,6.0
15070,5.0
13171,6.0
19109,6.0
26389,8.0
1465,6.0
4437,7.5
1865,6.0
16075,5.0
26341,7.5
3923,3.5
20775,6.0
19151,3.5
10153,6.5
4774,5.0
11040,6.5
22831,3.0
3372,6.5
24900,7.5
1919,5.0
9892,5.0
11989,6.0
833,6.5
27194,6.0
22409,6.0
27457,6.0
20806,10.0
18663,6.0
23668,5.0
11963,5.0
9047,9.0
8082,3.5
6282,5.0
9050,6.5
24847,6.0
18614,8.5
12594,10.0
3466,6.0
6186,6.0
8484,5.0
3950,7.0
16711,5.0
17983,6.5
15266,6.5
4275,6.5
20838,7.5
21465,7.0
20,5.0
4605,6.5
18984,10.0
27671,6.5
11873,5.0
11119,7.0
6295,6.0
21614,7.5
28393,6.0
2062,6.0
24708,6.0
6656,5.0
13164,3.5
23664,7.0
27810,6.0
6426,7.5
24168,9.0
28570,6.0
24081,6.0
20812,5.0
13980,6.0
9435,10.0
9482,6.0
15782,7.5
9544,6.0
6009,6.0
8480,6.0
13151,10.0
2945,6.0
13339,7.5
26512,5.0
3080,5.0
2420,10.0
8235,0.0
4435,8.0
23628,6.0
2248,6.0
21143,6.0
14520,6.0
5218,6.0
16795,10.0
25245,10.0
22973,6.0
17410,6.5
12982,6.5
1693,10.0
23410,6.5
21431,6.5
2572,3.5
11859,6.5
27875,7.5
7709,6.5
4286,8.0
4414,6.5
20679,7.5
25528,6.0
10403,10.0
10808,10.0
10061,6.0
1874,10.0
19753,6.0
27018,7.5
20624,8.5
25567,6.5
3149,6.0
22253,3.5
2218,6.0
24312,5.0
26511,7.5
15769,8.5
879,7.5
25078,7.5
5714,3.5
10380,6.0
22798,6.5
5580,6.5
220,6.0
893,7.5
15531,8.5
1951,7.0
1625,3.5
22101,6.5
4779,7.5
14589,9.0
29108,6.0
26089,6.0
21053,6.5
28900,8.5
24028,6.0
24937,7.5
27975,6.0
5629,6.0
3731,6.0
23087,6.0
18297,6.5
2719,6.0
8492,10.0
3522,6.0
12821,6.0
26362,5.0
28764,7.5
24232,7.5
16672,6.0
16171,10.0
6638,6.5
4334,6.0
17005,8.0
8040,6.0
4893,6.0
21693,7.5
28526,3.5
21494,3.5
3542,7.0
27976,5.0
1521,10.0
25526,7.5
1393,6.0
6333,6.0
25792,10.0
4480,6.0
19571,6.0
26239,6.0
4888,7.0
17046,6.0
3198,6.5
24138,3.5
9091,6.0
28700,5.0
328,7.5
5190,6.0
15745,6.5
3415,6.0
19894,6.5
20368,5.0
4298,3.5
914,8.0
4354,0.0
17162,6.5
26406,5.0
23116,6.5
28516,6.0
21510,3.5
17314,7.5
18543,3.5
318,10.0
28914,3.5
14768,6.0
26141,5.0
5035,8.0
27855,6.0
4705,6.0
26504,10.0
23529,7.5
27280,6.0
13491,5.0
18148,5.0
26498,5.0
27818,7.5
24777,7.5
12479,7.5
12792,6.0
441,8.0
795,6.0
28859,5.0
12421,6.0
25999,6.0
6345,6.0
6447,6.5
20438,6.0
17031,5.0
12757,7.5
12684,10.0
28891,6.0
27448,5.0
17888,6.0
24695,5.0
28211,6.0
29120,5.0
24153,6.0
28644,6.0
27956,3.5
15112,6.0
28584,5.0
22022,7.5
14890,6.0
28260,5.0
17266,6.5
23423,7.5
24567,10.0
26449,10.0
27853,6.0
23027,7.5
17072,6.0
19399,7.5
23824,7.5
13392,6.0
29030,6.5
18305,6.0
16247,3.5
24216,6.0
21152,7.5
1549,8.0
551,6.0
24670,6.0
7767,0.0
21855,6.5
14920,6.0
2520,7.0
22607,10.0
28671,8.5
16969,6.0
20126,6.0
4823,6.0
21685,6.0
20342,6.0
27825,6.0
15559,6.0
8340,6.0
14106,6.0
23287,6.0
22327,6.0
23496,6.5
13516,0.0
11082,5.0
20398,5.0
13323,6.5
21858,5.0
19513,5.0
18653,6.0
11110,7.5
9852,6.0
4200,8.5
28618,7.5
18327,6.0
21815,6.5
26034,6.0
21820,5.0
13895,6.5
29073,10.0
4843,6.0
19177,6.0
27759,6.0
6417,10.0
2755,3.5
12015,5.0
26673,6.0
1368,6.5
6353,7.5
23699,10.0
28874,6.0
24718,6.0
22993,7.5
5140,7.5
27797,6.0
8521,3.5
27122,7.5
18717,5.0
12739,8.5
23256,7.5
21364,7.5
2309,10.0
26455,6.0
7890,6.0
12957,6.0
22903,10.0
11129,7.0
6906,5.0
22792,6.0
25534,5.0
9562,6.5
26937,5.0
7657,6.0
22166,5.0
16724,6.5
23067,6.5
21771,5.0
16739,10.0
27597,6.0
26182,7.0
21220,3.5
23690,7.5
28968,6.0
26632,7.5
12448,7.5
23578,6.0
9935,6.0
16029,6.5
9649,5.0
7947,6.0
27498,8.5
19506,5.0
22717,6.0
23943,6.0
10052,6.5
28523,6.0
16706,5.0
14495,6.5
14230,10.0
21280,5.0
2997,6.0
15221,5.0
26128,10.0
5512,6.0
7793,6.0
13776,10.0
1925,6.0
958,3.5
15771,10.0
28889,6.0
20563,6.0
17869,3.5
27934,6.0
16851,6.0
22847,6.0
28408,7.0
16663,7.5
26363,8.0
22377,6.0
1274,7.5
28424,6.0
9463,8.0
12481,6.0
11075,6.0
21862,10.0
1060,6.0
26025,6.0
26309,5.0
592,6.0
12092,8.0
10909,7.5
29148,10.0
20924,5.0
2295,7.5
13524,7.5
20687,5.0
7792,6.0
823,10.0
17041,6.0
21759,10.0
20291,10.0
553,6.0
16752,8.0
14490,10.0
2347,5.0
17064,10.0
23444,6.0
16207,6.0
26419,7.5
15842,3.5
14811,7.5
6060,10.0
11140,6.5
21635,6.0
27965,6.0
27478,5.0
9354,6.0
10767,5.0
12668,6.0
8404,6.5
6058,5.0
16221,6.0
28008,7.0
7676,7.0
7346,9.0
12838,3.5
13739,7.5
10617,6.0
6219,6.0
15478,3.5
17816,6.5
13880,7.5
27760,5.0
14699,10.0
16910,5.0
22734,6.5
3172,10.0
28078,6.0
21604,5.0
12850,10.0
21567,6.5
23913,7.5
356,7.5
26240,5.0
28641,6.0
18695,6.0
21190,5.0
4915,3.5
3911,7.0
25218,3.5
11141,7.5
3102,6.0
28490,7.5
20272,8.5
7130,7.5
25583,5.0
244,6.5
11419,6.0
5662,6.5
986,10.0
25787,6.0
1561,7.0
18814,7.5
24303,5.0
10470,10.0
14334,6.5
7625,7.5
28296,7.5
12689,5.0
23715,7.5
13033,3.5
20868,0.0
21370,10.0
11230,5.0
15748,10.0
5161,6.0
15926,7.0
24313,6.5
28381,6.0
24689,6.5
5498,6.0
5999,6.5
22688,7.5
14533,6.5
20472,7.5
9425,5.0
21697,5.0
17960,5.0
10490,10.0
15284,6.0
17665,7.5
12376,3.5
14039,7.5
8968,7.5
10933,6.0
1536,3.5
21244,6.5
10154,6.0
5434,10.0
29134,6.0
16427,5.0
26321,6.0
24870,5.0
12532,6.0
18527,5.0
17000,10.0
16387,6.5
19772,6.0
25036,6.0
16785,6.5
13465,3.5
5519,3.5
24293,7.5
25795,5.0
28689,5.0
27172,6.5
27917,7.5
5481,6.0
9743,3.5
13842,7.5
9688,8.5
21405,7.5
17195,7.5
8240,6.0
11173,6.0
25059,7.5
18561,7.0
26185,5.0
21119,5.0
10810,7.0
20860,6.5
25781,6.0
24743,6.5
24142,6.0
5586,8.0
17604,5.0
23698,6.0
1902,7.5
16299,7.5
18002,7.5
14781,5.0
12187,3.5
9767,3.5
1350,6.0
5158,6.0
5024,6.0
3175,5.0
15425,6.0
19282,6.5
17780,7.5
21047,6.5
15074,6.0
21554,6.0
19951,6.0
20702,6.5
7059,6.5
17849,10.0
23498,6.0
9391,6.5
14348,8.0
15512,7.5
23314,6.5
25558,5.0
26101,8.5
18341,5.0
22190,6.0
24237,6.0
14326,5.0
16683,7.5
24622,3.5
20847,6.0
18724,6.0
4220,10.0
840,7.0
21384,6.5
21415,6.0
26622,6.5
6032,5.0
14115,5.0
158,10.0
28678,6.0
23946,10.0
22891,6.5
23022,6.0
14415,10.0
21945,7.5
16456,6.5
23735,6.0
15853,3.5
27714,5.0
12269,6.5
11918,6.0
17107,6.5
13539,7.0
17799,6.0
19845,6.0
4296,6.0
24806,9.0
18920,6.0
26273,6.0
4826,8.0
2101,6.0
3265,8.5
18816,5.0
13684,7.5
11681,10.0
28462,6.0
21399,6.5
16730,10.0
24880,6.0
21477,5.0
25825,6.0
20300,6.5
26391,6.0
11304,6.0
9948,5.0
10666,7.5
24211,5.0
4602,10.0
2854,3.5
20682,5.0
17401,6.0
28351,6.0
3114,6.0
3234,8.5
28574,5.0
22317,5.0
15476,6.5
11610,5.0
10098,6.0
8450,6.0
5506,5.0
8995,7.0
11298,6.0
19601,10.0
18765,3.5
29147,7.5
27277,6.0
13557,6.0
3800,10.0
23577,6.0
16453,3.0
15759,6.0
16987,10.0
1041,8.5
29096,6.5
29140,6.0
14173,7.5
14049,10.0
18610,6.5
22750,10.0
4258,6.5
27140,5.0
22450,6.0
4101,7.5
559,6.0
2605,8.0
10343,6.0
14761,3.5
18597,7.0
17880,6.5
2637,10.0
1588,3.5
4653,6.0
8064,7.5
22338,6.0
27044,5.0
20910,6.0
1809,7.5
152,5.0
21992,6.0
1035,7.5
14996,3.5
16645,10.0
25994,6.5
14831,5.0
22995,6.0
25784,7.5
18218,6.0
15358,7.0
12979,6.0
17927,7.5
15709,6.0
26188,6.0
1582,6.5
4646,6.0
1842,6.0
23705,7.0
24350,7.5
28594,5.0
15204,6.0
18836,6.0
10811,6.0
26288,7.5
15670,10.0
27999,6.0
5267,7.5
13213,6.5
22870,5.0
19787,7.5
3552,3.5
4580,3.5
24848,2.0
3850,6.0
24369,6.0
16821,5.0
20533,5.0
25184,6.5
28799,6.5
14222,10.0
5576,10.0
7234,5.0
24453,5.0
7742,7.5
26982,6.0
11704,7.5
20813,7.5
8217,6.5
22280,6.5
12049,7.0
20776,6.0
15109,6.5
5223,6.0
23334,5.0
868,6.5
8722,6.5
18268,7.5
270,6.0
1011,10.0
28962,6.0
9816,3.5
18900,6.0
8764,6.5
1700,6.0
5285,7.5
29212,5.0
1812,7.5
23066,6.0
13158,5.0
22588,6.0
23610,6.5
8944,7.5
6428,9.0
6531,10.0
26980,6.0
11223,5.0
22236,6.0
1837,5.0
17901,5.0
11576,5.0
9363,7.5
19935,7.5
17348,7.5
23223,6.5
12474,6.0
28947,6.0
26390,6.0
24115,5.0
11399,5.0
10474,6.0
6111,6.5
10983,6.5
3905,6.0
25419,3.5
10279,3.5
20299,5.0
1655,6.0
13222,3.5
8658,6.0
19619,3.5
15045,7.5
24617,6.0
17384,6.0
3421,6.0
24603,5.0
19529,7.0
23363,10.0
15514,7.5
11718,7.5
14470,6.5
9856,7.5
16048,5.0
10226,5.0
27988,5.0
19252,6.5
6708,6.5
8443,3.5
24198,6.0
24272,6.0
15455,7.0
26400,7.5
3227,5.0
10070,8.5
671,10.0
14592,5.0
17926,6.0
28729,10.0
3269,6.0
20178,6.0
20901,8.5
4406,7.5
24679,7.5
25652,6.0
7630,5.0
17485,6.0
11134,6.0
12059,7.5
12042,9.0
19902,6.0
24761,5.0
9512,10.0
17994,6.5
26103,6.0
18016,5.0
4181,6.5
25738,5.0
2075,6.0
22620,5.0
10191,3.5
13114,3.5
22666,5.0
24121,6.5
29121,6.5
26566,7.5
12738,6.0
10944,7.0
24191,6.0
25384,5.0
28101,7.5
28083,6.5
22483,6.0
16374,6.5
17013,7.5
593,6.5
7810,7.0
4929,6.0
23308,10.0
1343,10.0
18294,6.5
26898,7.0
16275,10.0
27910,6.0
10821,5.0
3139,6.0
18239,5.0
24864,7.5
15137,7.5
10785,7.5
14834,6.5
17355,6.0
20850,7.5
28103,6.0
22058,6.0
7447,7.5
26291,5.0
5487,5.0
18390,9.0
17160,6.0
22053,6.0
17489,10.0
28940,6.0
11018,3.5
4329,6.0
4976,10.0
27324,6.5
18226,10.0
16507,10.0
21276,6.0
14883,8.5
3532,8.0
7733,8.5
23935,6.0
12417,7.5
6183,7.5
10170,6.0
22212,10.0
19968,5.0
25521,7.5
6038,6.0
6020,5.0
16175,6.0
29001,6.0
19729,10.0
3541,5.0
25740,5.0
14324,3.5
12722,5.0
19266,6.0
11157,7.0
17426,8.5
25287,6.0
14577,6.0
1200,7.5
26250,6.0
15281,5.0
18531,6.0
284,3.5
20955,6.0
16090,6.0
4166,7.5
21343,5.0
18785,5.0
5451,6.0
24497,5.0
25283,7.5
4934,6.5
4438,6.5
3430,6.5
24751,5.0
5355,7.0
408,3.5
28785,5.0
17553,6.0
6082,6.5
24285,6.5
6352,7.5
14515,5.0
23085,3.5
5497,3.5
24372,6.0
5011,5.0
23209,7.5
3752,10.0
175,7.0
9598,6.0
14784,6.5
28979,6.0
24983,6.0
16725,8.5
14952,6.5
13292,10.0
2696,6.5
28038,6.0
25052,6.0
8851,3.5
23128,10.0
16600,7.5
23302,10.0
27982,5.0
1828,6.0
11241,6.0
14678,5.0
17302,6.5
1751,5.0
7880,6.5
26032,6.5
17310,10.0
10932,6.0
18448,5.0
24980,6.0
26587,6.0
8625,6.0
25485,5.0
28001,6.0
4549,6.0
9282,8.5
27016,6.0
18444,6.5
7051,6.0
5794,3.5
22713,6.0
8969,5.0
10701,7.0
9040,7.5
27786,6.0
19636,5.0
27068,6.0
28749,7.5
6196,5.0
7257,6.5
27228,6.0
24098,3.5
13540,3.5
19737,6.0
6495,6.0
20835,6.0
18774,6.0
28383,5.0
9480,8.0
5984,3.5
8610,10.0
23048,6.0
25965,5.0
18008,7.5
14279,7.5
26281,5.0
24341,5.0
6922,9.0
18290,5.0
24552,6.0
24559,5.0
21875,5.0
12013,7.5
2353,6.5
6923,7.5
22231,5.0
3318,7.5
1454,7.0
684,6.5
26686,6.0
18713,7.5
10606,7.5
12174,7.5
8994,5.0
16595,6.5
20115,6.0
10612,8.5
4170,6.0
9799,6.0
18440,6.0
8685,6.0
6895,7.5
4253,6.0
19602,10.0
24692,6.0
123,6.0
29082,6.0
27864,6.5
11497,6.0
16407,6.0
19178,6.5
22560,6.0
19540,5.0
3565,6.0
8191,3.5
26868,6.0
8485,6.5
2117,6.0
11259,7.0
17235,6.5
17001,7.5
9187,6.0
8239,10.0
12434,7.5
3679,6.0
869,7.5
19199,5.0
23469,6.0
20169,6.0
24212,6.0
17545,3.5
18599,5.0
9447,6.5
27517,6.0
14773,7.5
17591,10.0
23146,3.5
23009,6.0
27545,7.0
18734,6.0
6050,7.5
25752,6.0
27398,6.5
23850,7.5
13125,7.5
699,6.5
16305,7.5
28888,9.0
9166,10.0
316,6.0
12620,6.0
1213,6.0
7929,6.0
2273,6.0
17481,5.0
11795,5.0
19822,6.5
7219,7.5
3526,6.0
15280,10.0
28487,6.0
12078,7.5
12883,3.5
13200,6.0
21088,6.0
23960,5.0
7305,6.0
18884,0.0
10545,5.0
20162,6.0
18453,6.0
25826,6.0
18429,7.5
28927,6.0
18342,5.0
13968,7.5
12067,10.0
21317,6.5
21941,7.5
13919,7.5
18502,9.0
28444,5.0
2833,10.0
10314,5.0
4413,6.0
12603,6.0
13445,7.5
25103,6.0
20992,6.0
19091,7.5
6051,6.0
11962,6.0
25803,6.0
13907,7.5
28380,6.0
20995,10.0
10795,3.5
27468,6.5
21314,6.5
28376,6.5
26238,5.0
4627,9.0
19140,7.5
8820,7.5
1685,10.0
19314,6.0
20350,5.0
25396,10.0
26328,6.5
23836,6.0
6801,6.5
26535,3.5
23653,6.0
13714,6.0
13737,5.0
14879,6.0
21012,6.5
12519,10.0
8418,7.0
10750,6.0
10159,6.5
2616,3.5
6594,5.0
23962,7.5
10341,3.5
26130,6.0
6838,6.0
19103,3.5
18470,10.0
22934,7.5
2366,6.0
14489,8.0
2314,6.0
20123,6.0
7717,3.5
8680,3.5
25025,5.0
5522,6.5
14895,5.0
12699,3.5
26098,5.0
25097,7.5
29075,6.0
19785,6.0
24614,3.5
4278,6.0
15014,3.5
5257,7.0
12345,6.0
6899,6.0
14133,3.5
14953,6.5
12615,3.5
25956,6.5
22652,6.0
11611,5.0
13761,6.0
29046,5.0
6416,10.0
5718,9.0
5483,5.0
5812,6.0
12313,8.0
16536,5.0
786,6.5
10231,10.0
1077,6.0
22747,6.0
25133,6.5
25495,6.0
20317,6.5
4610,6.0
27915,6.0
25339,9.0
24543,5.0
16524,6.5
21619,6.5
17970,6.0
895,10.0
3747,6.0
29069,6.0
18784,6.0
1731,6.5
1920,6.5
15820,5.0
22235,5.0
24808,6.0
21057,0.0
12272,7.5
1303,6.0
12372,10.0
18112,3.5
17867,6.0
15207,10.0
22892,7.5
6276,5.0
25231,5.0
25221,6.5
1309,6.0
26108,6.0
16937,6.5
25656,6.5
759,8.0
23278,6.5
19436,6.0
1155,6.5
23002,7.5
18792,9.0
10391,6.5
16798,6.0
24324,6.0
8642,6.5
9689,8.5
174,3.5
2083,0.0
28241,6.5
19850,6.0
24780,6.5
25225,8.5
25513,6.0
16257,7.0
23401,6.0
22286,7.5
19638,5.0
138,7.5
28675,7.0
17618,7.5
19485,7.5
14968,6.0
3867,5.0
7220,7.5
1108,10.0
27380,6.0
4657,6.0
26550,6.0
22224,5.0
10550,8.5
15055,7.5
19441,5.0
9353,6.0
7422,7.5
12263,3.5
26732,5.0
14581,6.0
20063,8.5
25003,6.0
10600,6.5
21500,7.5
11207,3.5
18801,10.0
19883,7.5
5348,7.5
11753,6.0
11575,6.5
16390,6.0
20646,7.5
7807,7.5
28758,6.0
5222,10.0
263,7.5
12786,10.0
6147,10.0
2143,8.0
4841,7.5
7964,8.0
3953,6.5
7661,9.0
12230,10.0
10101,7.5
8069,9.0
27980,6.0
15209,7.5
12239,6.0
1134,3.5
12570,8.0
234,6.0
7450,6.0
18164,5.0
23970,7.5
26274,6.5
28042,6.0
28000,6.0
11427,3.5
29219,5.0
4997,3.5
1349,6.0
4428,6.0
14816,6.0
24134,3.5
5151,6.0
10769,6.0
1403,5.0
5946,6.5
15131,3.5
2219,6.0
15305,7.5
27141,8.0
13614,5.0
18802,7.5
107,6.5
20042,7.5
19885,6.0
12009,10.0
27218,5.0
26423,5.0
8461,6.0
8438,5.0
11654,6.0
19255,5.0
26923,5.0
1745,7.5
14599,6.0
23889,6.0
27097,7.5
3720,5.0
15049,7.5
3993,6.0
6019,7.5
1400,10.0
26407,7.5
7878,5.0
1994,6.0
28946,5.0
4366,6.0
25075,6.0
2127,10.0
12813,3.5
19303,6.0
26421,10.0
23000,7.0
16057,7.5
28413,6.0
18671,7.5
3869,6.0
19716,7.5
25168,10.0
15642,6.0
7746,6.0
19924,8.0
7801,6.0
8867,6.0
3131,6.0
3127,10.0
18247,7.5
24753,3.5
18970,7.5
5039,7.5
20509,6.0
12207,8.5
9145,6.0
1660,7.0
23933,6.0
22846,10.0
17182,6.0
20319,6.5
26579,5.0
28060,5.0
21324,7.5
16193,6.5
26069,6.0
20296,7.5
16865,6.0
2751,6.0
17032,6.5
24283,6.5
18396,6.0
1613,5.0
24521,6.0
4647,6.0
8957,6.5
27619,8.0
21804,6.5
10542,6.0
23417,6.5
10120,6.5
24261,6.0
17085,6.0
18237,6.0
18358,6.5
9889,6.0
22556,7.5
22301,6.0
25468,7.5
28039,6.0
6757,9.0
3568,6.0
23479,7.5
16469,6.5
8717,6.5
12472,6.0
7454,5.0
3513,10.0
4614,8.5
22723,10.0
28830,6.0
6680,5.0
19879,6.0
5452,7.0
25537,6.5
17460,3.5
2457,5.0
19960,10.0
18979,6.0
23887,3.5
10553,6.0
21122,6.0
23967,6.0
24904,6.0
29065,7.0
1818,5.0
26453,6.0
26906,6.0
25874,6.0
21135,5.0
24357,7.5
22815,3.0
2477,3.5
3986,3.5
21985,7.0
23243,7.5
5495,6.0
10492,6.5
3629,6.0
5802,7.5
2501,3.5
4238,6.0
4078,7.5
17754,7.0
16642,3.5
3753,7.0
17407,7.0
2181,10.0
14660,5.0
28210,5.0
25953,7.5
872,8.5
16779,10.0
27887,6.5
1254,6.0
10352,6.5
17268,5.0
19593,5.0
14291,10.0
4687,10.0
15470,5.0
3620,5.0
688,6.0
18546,7.5
15554,6.0
11707,6.0
19769,10.0
23947,6.0
5858,6.0
312,6.0
12091,6.0
15083,6.5
11752,6.0
26470,6.5
9382,6.5
17750,7.0
9330,10.0
20561,5.0
6092,5.0
6849,6.0
20617,7.5
16404,9.0
20664,6.0
1915,5.0
4171,7.0
8660,6.0
16638,6.5
5017,10.0
15030,3.5
9438,7.5
26750,6.0
27661,5.0
11469,6.0
18136,5.0
21058,5.0
2604,8.0
11242,5.0
2552,10.0
8542,7.5
9565,6.0
21491,6.0
1921,6.0
11866,5.0
2335,6.0
20577,6.5
20235,6.0
22532,6.0
28950,8.0
19096,8.0
16042,6.0
13259,10.0
23480,6.5
3885,5.0
245,7.5
22448,6.0
9537,7.0
18017,6.0
19577,5.0
17567,6.0
27961,7.5
7105,6.0
28265,6.0
21706,8.5
1490,7.5
23565,6.0
24538,6.0
11038,5.0
6197,8.5
20791,6.0
20186,7.5
20332,7.5
28931,6.0
9538,3.5
18252,6.0
22091,6.0
1997,6.0
13765,6.0
13334,10.0
9228,6.0
4669,6.0
28180,6.0
28263,3.5
21427,6.0
28352,5.0
2926,7.5
14558,10.0
27779,10.0
28209,6.5
6538,7.5
23727,7.0
29167,6.5
9198,6.0
23878,6.0
22100,6.0
11159,5.0
8871,6.5
20975,3.5
27630,5.0
9962,10.0
23023,6.0
14431,10.0
15889,7.5
25746,6.0
21680,6.5
4793,6.0
14870,3.5
28212,3.5
4385,7.0
26100,6.0
13197,10.0
17439,6.0
11413,5.0
12487,6.5
12704,6.0
12683,10.0
14255,5.0
27719,6.5
28643,6.0
16420,6.5
25841,7.5
11239,6.0
9904,7.5
18793,5.0
20520,10.0
29174,6.0
28728,6.0
15195,6.0
13004,6.0
27770,6.5
4936,6.5
24942,10.0
13462,10.0
11976,6.5
22725,6.0
26120,6.5
2344,5.0
22419,9.0
1432,6.0
3655,6.5
9199,5.0
20277,7.0
25960,6.0
9085,5.0
26569,7.5
16274,5.0
5799,7.5
26180,7.5
1125,5.0
11629,7.0
27384,5.0
61,6.0
27717,6.0
25991,6.0
11350,8.0
24339,8.0
15781,3.5
25995,6.0
4691,6.0
21846,6.0
6450,7.0
9864,10.0
12861,3.5
28102,6.0
4907,6.0
20437,6.0
21668,6.0
12154,5.0
7749,7.5
3745,7.5
11627,3.5
22411,6.0
9317,6.0
22204,6.0
26189,7.5
7274,10.0
27633,5.0
4289,6.0
24194,6.5
25684,7.5
5744,7.5
28422,6.5
19996,5.0
15239,6.5
10230,5.0
14507,6.5
737,10.0
24323,8.5
14704,6.0
26494,3.5
14329,5.0
643,8.0
17787,5.0
6710,6.0
2710,7.5
27120,6.0
6410,7.0
23049,6.5
5740,8.5
8123,5.0
5248,6.0
18205,6.0
17468,6.5
14532,6.5
16754,7.0
26196,6.0
10324,6.5
24841,6.5
25697,9.0
23981,5.0
2625,7.5
29163,6.0
10756,6.5
66,6.0
17704,7.5
24440,6.0
6686,3.5
16121,6.5
14321,5.0
10242,7.0
4740,3.5
26038,7.5
8162,10.0
26343,7.5
7372,7.0
25717,7.0
23757,3.5
24746,6.5
14107,5.0
20921,10.0
23942,6.0
9974,7.5
5454,5.0
81,7.5
21674,7.5
704,6.0
22885,6.0
23638,6.5
7133,6.0
19596,5.0
27158,5.0
6192,3.5
1296,8.0
28148,5.0
17737,6.0
23484,5.0
25900,5.0
28717,6.0
23397,6.0
8830,6.0
7160,8.0
24408,5.0
21133,6.5
14315,10.0
19195,7.5
15188,6.5
4176,6.5
4440,6.0
18296,5.0
4486,6.0
11154,3.5
3860,3.5
13513,3.5
9887,3.5
8338,8.0
18215,7.5
3783,6.5
3324,5.0
11639,6.5
27617,6.5
25882,5.0
22629,7.5
28386,6.0
2808,0.0
12491,8.5
9696,7.5
21326,10.0
102,6.0
23055,6.0
4986,6.5
27386,5.0
7252,5.0
27844,6.0
194,8.0
5373,6.0
13995,5.0
1596,5.0
16039,6.0
1416,10.0
19564,6.0
9170,3.5
12237,7.5
19077,6.5
10776,7.0
12123,7.5
17238,6.0
172,6.5
12967,8.5
5381,3.5
14446,5.0
3715,8.5
1502,3.5
28070,5.0
3955,10.0
17699,5.0
10629,5.0
685,6.0
12304,5.0
23381,6.0
19647,7.5
755,6.0
18954,7.5
12330,7.5
29097,5.0
7157,10.0
28747,3.5
3154,6.0
9493,8.5
16367,6.0
5617,6.0
19700,5.0
27071,6.5
19961,6.0
21559,6.0
1463,7.5
12706,10.0
873,6.0
18029,6.0
2364,6.0
4941,7.5
14510,6.5
26439,6.0
17227,6.0
17690,6.0
15662,7.0
27609,6.0
14993,3.5
20598,6.0
10272,6.0
2388,6.0
5091,6.0
22956,7.5
5169,6.0
11341,8.0
22320,7.0
18996,6.5
3716,9.0
17659,10.0
10624,8.5
21291,6.5
21857,5.0
10368,3.5
24003,6.0
12984,6.5
24238,5.0
12531,6.0
29031,5.0
22339,6.0
7812,6.0
14441,5.0
18333,7.5
28245,5.0
24110,6.0
17768,3.5
23928,6.0
1456,7.5
20819,5.0
24395,6.0
5453,6.0
3886,5.0
16145,5.0
22025,7.0
1075,7.5
15191,5.0
5001,7.5
18931,7.0
23071,10.0
19609,10.0
1848,6.0
18664,7.5
20654,6.5
25764,6.0
5707,10.0
8496,10.0
9849,10.0
18666,6.5
26296,6.5
16907,6.0
16136,6.0
26905,6.0
27834,6.0
9229,7.0
25165,6.0
2923,8.0
23234,6.0
18842,6.0
17474,10.0
1312,6.0
11930,7.5
10373,6.0
14900,8.0
20601,6.0
4829,7.5
21141,10.0
7057,6.0
5598,6.0
12568,7.5
16297,7.0
12593,10.0
19926,6.0
18549,6.0
7335,7.0
15108,6.0
1247,6.0
25791,5.0
19066,6.5
16051,6.5
13896,6.5
19429,5.0
18365,10.0
26960,5.0
5542,7.5
23311,6.0
26456,6.0
13189,6.5
17733,5.0
14725,6.0
3440,10.0
15658,5.0
17770,6.0
11354,6.0
27541,6.5
23382,10.0
22549,7.5
13905,7.0
24029,5.0
2039,3.5
13315,3.5
24591,6.0
4804,6.5
12811,5.0
2761,7.5
6913,10.0
24546,6.0
468,5.0
13783,7.5
22594,6.5
9660,6.0
22758,6.5
18217,6.0
16554,10.0
14336,6.0
27579,6.0
25731,6.5
21472,6.0
26784,6.5
5855,6.0
19751,10.0
3838,6.0
13584,5.0
3671,5.0
6973,10.0
8606,3.5
26659,7.0
25266,8.5
23387,5.0
17530,6.5
16823,6.5
47,5.0
18640,5.0
6514,10.0
600,6.0
8556,7.5
17422,7.0
11772,7.5
18974,6.0
9885,6.0
16095,8.0
14036,5.0
24623,6.5
2128,6.0
5417,6.0
24288,6.0
4104,6.0
5398,3.5
21791,7.5
20622,10.0
15733,3.5
14684,6.0
25085,6.0
7758,10.0
16902,6.0
10870,7.5
19895,6.5
12987,6.0
8024,5.0
12060,8.5
8370,7.0
23706,6.5
24828,6.0
1763,6.0
13886,5.0
29011,6.0
6,3.5
14030,6.0
16585,6.5
16056,8.0
27477,5.0
9249,3.5
1634,8.0
25087,6.0
28288,5.0
23848,5.0
17446,7.5
22736,10.0
22015,10.0
9947,3.5
23400,7.5
26168,6.0
19650,7.5
17643,7.5
28022,6.0
4947,6.5
9655,6.0
28230,6.0
18981,7.5
22714,6.0
1165,3.5
1501,6.0
17242,6.0
11747,10.0
18227,6.5
27500,6.0
13070,9.0
11731,10.0
9034,10.0
6823,3.5
7092,3.5
14947,6.0
14137,5.0
2706,6.5
13505,6.0
15158,6.5
5711,5.0
7180,6.0
884,3.5
5407,6.0
4386,6.0
27359,6.5
10270,7.0
17565,5.0
18398,6.0
28664,6.0
17179,10.0
11390,5.0
5979,6.0
25807,6.5
15003,6.5
1279,6.0
22458,10.0
5189,6.5
5566,8.0
6142,6.0
26471,6.5
22989,6.5
13759,6.0
28174,6.0
15674,7.0
24659,6.0
24684,10.0
21170,6.5
11964,6.5
5083,7.5
7185,8.0
6013,3.5
11817,7.5
10886,6.5
22273,6.5
26302,7.5
20046,5.0
23399,7.0
27503,6.0
16503,3.5
7052,6.5
28509,6.0
24127,10.0
27908,6.0
17473,10.0
19958,7.5
14028,3.5
6711,10.0
8566,5.0
12402,6.5
17074,6.0
16856,6.0
17719,9.0
21514,6.0
25372,6.0
10223,5.0
5025,6.0
3445,10.0
1736,8.5
28973,6.5
17708,7.5
23357,6.0
1669,7.5
16583,6.5
21480,8.0
18343,7.0
16885,6.5
24773,5.0
21259,6.5
9371,10.0
23226,6.0
26623,6.5
13814,10.0
